Highest_Charting_Position,Number_of_Times_Charted,Week_of_Highest_Charting_year,Week_of_Highest_Charting_month,Week_of_Highest_Charting_day,Streams,Artist,Artist_Followers,Release_Date,Release_Date_year,Release_Date_month,Release_Date_day,Weeks_Charted_year,Weeks_Charted_month,Weeks_Charted_day,Popularity,Danceability,Energy,Loudness,Speechiness,Acousticness,Liveness,Tempo,Duration_ms,Valence,Chord,Genre_1
8,24,2021,4,2,8832945,Giveon,1398563,3/27/2020,2020.0,3,27.0,2021,7,23,87,0.449,0.465,-8.964,0.079,0.524,0.303,89.087,198371,0.543,C,pop
92,2,2020,5,15,5018592,Jonas Brothers,5436999,5/15/2020,2020.0,5,15.0,2020,5,22,70,0.715,0.827,-5.09,0.062,0.049,0.321,117.977,185277,0.75,E,boy band
181,1,2020,12,18,6657404,Taylor Swift,42227614,12/6/2019,2019.0,12,6.0,2020,12,18,52,0.598,0.68,-4.505,0.033,0.06,0.324,134.002,228027,0.437,G,pop
12,29,2020,11,27,5242347,Bad Bunny,36142273,11/27/2020,2020.0,11,27.0,2021,6,11,82,0.811,0.637,-4.835,0.059,0.234,0.118,92.025,130014,0.471,A#/Bb,latin
32,10,2020,1,3,5386512,Lil Uzi Vert,11821805,12/12/2019,2019.0,12,12.0,2020,2,28,67,0.881,0.457,-8.191,0.156,0.033,0.231,136.97,198913,0.296,G,melodic rap
109,1,2020,2,21,6655856,BTS,37151476,2/21/2020,2020.0,2,21.0,2020,2,21,68,0.385,0.798,-6.439,0.483,0.115,0.181,149.756,259821,0.141,A,k-pop
135,15,2020,8,28,4705484,Camilo,10580764,6/10/2020,2020.0,6,10.0,2020,10,16,75,0.483,0.492,-6.591,0.295,0.603,0.323,144.511,188213,0.66,C,colombian pop
47,1,2021,6,25,11380679,"Tyler, The Creator",6777818,6/25/2021,2021.0,6,25.0,2021,6,25,78,0.62,0.586,-6.612,0.212,0.155,0.535,137.131,130980,0.487,C#/Db,hip hop
76,17,2020,6,26,4761286,Harry Nach,134339,7/10/2020,2020.0,7,10.0,2020,9,25,71,0.801,0.579,-4.78,0.081,0.333,0.172,99.994,212406,0.231,B,trap chileno
129,1,2020,1,24,6113037,Gzuz,1140383,2/13/2020,2020.0,2,13.0,2020,1,24,62,0.784,0.703,-7.491,0.236,0.097,0.075,141.035,162938,0.556,B,deep german hip hop
83,2,2021,7,23,7516291,Bo Burnham,1042079,6/10/2021,2021.0,6,10.0,2021,7,23,84,0.694,0.948,-5.307,0.036,0.009,0.139,115.044,58149,0.705,D,comic
134,1,2020,6,19,5060764,J. Cole,14103694,6/16/2020,2020.0,6,16.0,2020,6,19,66,0.586,0.512,-8.819,0.067,0.723,0.119,75.857,235480,0.235,G#/Ab,conscious hip hop
8,10,2021,7,2,24551591,Måneskin,3377762,3/19/2021,2021.0,3,19.0,2021,7,23,95,0.75,0.608,-4.008,0.039,0.002,0.178,132.507,173347,0.958,C#/Db,indie rock italiano
153,1,2020,11,13,5445204,"Future, Lil Uzi Vert",10491105,11/13/2020,2020.0,11,13.0,2020,11,13,56,0.758,0.574,-7.833,0.217,0.216,0.144,144.081,274313,0.706,A,atl hip hop
15,8,2020,2,14,6517807,Justin Bieber,48544923,2/14/2020,2020.0,2,14.0,2020,4,3,68,0.825,0.483,-5.746,0.08,0.538,0.204,139.98,219933,0.892,G#/Ab,canadian pop
65,2,2020,2,28,6004839,Lil Baby,7816213,2/28/2020,2020.0,2,28.0,2020,3,6,66,0.788,0.436,-9.435,0.364,0.061,0.098,129.847,177314,0.341,C#/Db,atl hip hop
84,1,2020,2,21,7850129,BTS,37151476,2/21/2020,2020.0,2,21.0,2020,2,21,72,0.703,0.646,-6.658,0.06,0.01,0.191,141.87,208590,0.64,F#/Gb,k-pop
5,32,2021,2,5,5734402,"Myke Towers, Juhn",6150675,12/10/2020,2020.0,12,10.0,2021,7,23,85,0.713,0.617,-4.637,0.089,0.122,0.096,168.021,232853,0.682,G#/Ab,trap latino
199,1,2021,5,7,5018076,Jorge & Mateus,15013645,4/22/2021,2021.0,4,22.0,2021,5,7,72,0.686,0.789,-4.103,0.126,0.322,0.4,157.932,157355,0.822,C#/Db,sertanejo
122,1,2020,3,27,5995116,"Shiva, Eiffel 65",561372,3/26/2020,2020.0,3,26.0,2020,3,27,56,0.82,0.783,-6.146,0.062,0.016,0.094,130.015,166087,0.653,F,italian hip hop
24,3,2020,7,24,5112180,Taylor Swift,42227614,7/24/2020,2020.0,7,24.0,2020,8,7,71,0.593,0.377,-8.761,0.025,0.6,0.098,95.939,294521,0.502,C,pop
54,7,2021,1,22,5232377,"Anuel AA, Ozuna",18306226,1/22/2021,2021.0,1,22.0,2021,3,5,73,0.817,0.737,-5.453,0.102,0.046,0.092,93.985,206587,0.67,F#/Gb,latin
13,83,2020,1,24,5436286,Billie Eilish,1250353,8/13/2021,2021.0,8,13.0,2021,7,23,0,0.701,0.425,-10.965,0.375,0.328,0.1,135.128,194088,0.562,G,
61,26,2020,8,21,5060903,BØRNS,1027085,10/16/2015,2015.0,10,16.0,2021,3,5,83,0.611,0.797,-7.627,0.053,0.005,0.26,120.041,218107,0.518,F#/Gb,modern alternative rock
123,1,2020,5,22,5552890,Capital Bra,4093115,5/21/2020,2020.0,5,21.0,2020,5,22,53,0.485,0.793,-3.836,0.426,0.251,0.146,87.629,160667,0.371,B,german hip hop
12,11,2021,5,28,7975148,Måneskin,3377762,3/19/2021,2021.0,3,19.0,2021,7,23,86,0.625,0.939,-3.115,0.067,0.001,0.424,102.999,194787,0.644,E,indie rock italiano
86,8,2020,7,17,4538382,"Kygo, Tina Turner",7593792,7/17/2020,2020.0,7,17.0,2020,9,4,74,0.75,0.664,-5.908,0.154,0.275,0.063,105.023,208156,0.617,G#/Ab,edm
110,2,2021,7,16,5366242,Normani,1304510,7/22/2021,2021.0,7,22.0,2021,7,23,75,0.74,0.576,-6.744,0.146,0.025,0.104,110.095,209476,0.315,F#/Gb,dance pop
112,3,2021,6,11,5511544,Soso Maness,289437,6/4/2021,2021.0,6,4.0,2021,6,18,79,0.624,0.802,-4.818,0.311,0.06,0.252,133.888,189933,0.818,F#/Gb,francoton
186,10,2020,8,7,4391666,Jason Mraz,6167871,5/12/2008,2008.0,5,12.0,2020,8,21,80,0.686,0.457,-8.322,0.047,0.595,0.105,150.953,242187,0.718,B,acoustic pop
100,1,2020,7,3,6620040,Pop Smoke,6852509,7/3/2020,2020.0,7,3.0,2020,7,3,70,0.764,0.676,-6.761,0.093,0.389,0.215,97.02,197938,0.461,B,brooklyn drill
21,15,2020,3,6,4769996,Lil Uzi Vert,11821805,3/6/2020,2020.0,3,6.0,2020,6,12,73,0.775,0.72,-5.353,0.193,0.024,0.114,155.086,234627,0.49,B,melodic rap
129,4,2020,7,3,5228433,Trevor Daniel,632097,6/26/2020,2020.0,6,26.0,2020,7,17,47,0.575,0.543,-5.062,0.053,0.102,0.176,159.905,186480,0.283,D#/Eb,alternative r&b
139,8,2020,3,13,4401019,"Rauw Alejandro, Anuel AA, Natti Natasha, Farruko, Lunay",6096559,3/6/2020,2020.0,3,6.0,2020,5,1,70,0.816,0.72,-4.454,0.068,0.206,0.277,94.004,267242,0.78,C#/Db,puerto rican pop
48,6,2020,5,8,4567732,Bad Bunny,36177712,5/10/2020,2020.0,5,10.0,2020,6,12,72,0.712,0.599,-6.342,0.112,0.412,0.103,179.788,178000,0.588,F,latin
41,13,2021,7,23,11477024,"TINI, Maria Becerra",2936204,4/29/2021,2021.0,4,29.0,2021,7,23,90,0.85,0.541,-4.522,0.067,0.161,0.286,92.003,165275,0.916,D,latin pop
117,7,2020,1,3,4905155,"Travis Scott, Young Thug",3337982,11/1/2019,2019.0,11,1.0,2020,2,7,68,0.845,0.631,-8.206,0.216,0.188,0.081,111.983,279907,0.545,G,atl hip hop
70,3,2020,2,28,6105711,"Bad Bunny, Duki, Pablo Chill-E",36177712,2/29/2020,2020.0,2,29.0,2020,3,13,69,0.683,0.677,-4.496,0.047,0.087,0.1,156.019,240253,0.514,C#/Db,latin
106,1,2020,5,29,6069544,Lady Gaga,18585963,5/29/2020,2020.0,5,29.0,2020,5,29,58,0.668,0.826,-4.466,0.038,0.024,0.474,122.973,215480,0.388,A,dance pop
57,5,2021,7,23,9206366,João Gomes,409173,6/1/2021,2021.0,6,1.0,2021,7,23,83,0.668,0.887,-4.404,0.056,0.369,0.257,151.92,157176,0.907,B,
22,2,2020,12,11,8115520,Taylor Swift,42227614,12/11/2020,2020.0,12,11.0,2020,12,18,66,0.575,0.434,-8.193,0.031,0.735,0.105,145.916,229840,0.348,F,pop
31,2,2020,10,30,5282490,Ariana Grande,67208170,10/30/2020,2020.0,10,30.0,2020,11,6,63,0.499,0.462,-5.308,0.031,0.801,0.095,127.698,157710,0.599,C,dance pop
5,21,2021,4,9,13963568,"Bruno Mars, Anderson .Paak, Silk Sonic",32574754,3/5/2021,2021.0,3,5.0,2021,7,23,92,0.586,0.616,-7.964,0.032,0.182,0.093,148.088,242096,0.719,F,dance pop
151,1,2020,2,28,5724739,Apache 207,1674348,2/24/2020,2020.0,2,24.0,2020,2,28,55,0.789,0.509,-8.766,0.291,0.768,0.272,114.957,183793,0.418,A,german hip hop
68,1,2021,4,9,8638360,DMX,2815928,6/12/2007,2007.0,6,12.0,2021,4,9,73,0.761,0.899,-3.09,0.183,0.014,0.072,95.027,217587,0.673,A#/Bb,east coast hip hop
7,1,2020,2,7,28509534,"Justin Bieber, Quavo",48544923,2/14/2020,2020.0,2,14.0,2020,2,7,77,0.806,0.546,-6.637,0.058,0.3,0.102,147.986,212867,0.874,A,canadian pop
182,6,2020,10,16,4995623,Ed Sheeran,83337783,6/21/2014,2014.0,6,21.0,2021,2,12,82,0.781,0.445,-6.061,0.03,0.474,0.184,78.998,281560,0.591,D,pop
196,1,2020,1,10,4866777,Selena Gomez,28931149,1/10/2020,2020.0,1,10.0,2020,1,10,49,0.691,0.446,-10.304,0.047,0.484,0.183,93.03,212436,0.534,B,dance pop
174,3,2021,1,8,4884711,Megan Thee Stallion,4794212,11/20/2020,2020.0,11,20.0,2021,2,5,76,0.957,0.437,-7.882,0.359,0.004,0.219,130.058,137984,0.616,B,houston rap
59,18,2021,5,7,5434073,"P!nk, Willow Sage Hart",11477164,2/12/2021,2021.0,2,12.0,2021,7,23,83,0.476,0.594,-6.879,0.135,0.06,0.079,159.702,141050,0.314,F,dance pop
180,2,2020,11,27,5364223,Studio Killers,181236,12/4/2020,2020.0,12,4.0,2020,12,4,72,0.668,0.798,-5.701,0.033,0.003,0.277,133.928,215280,0.575,B,
199,1,2021,7,23,4950275,Dave,1427540,7/22/2021,2021.0,7,22.0,2021,7,23,77,0.961,0.502,-8.605,0.312,0.28,0.145,117.078,182285,0.536,D,uk hip hop
140,1,2020,7,31,5768616,A$AP Ferg,3037935,9/25/2020,2020.0,9,25.0,2020,7,31,61,0.808,0.676,-4.902,0.223,0.062,0.11,144.018,144973,0.076,E,hip hop
29,2,2020,11,27,6204228,Bad Bunny,36177712,11/27/2020,2020.0,11,27.0,2020,12,4,70,0.763,0.597,-5.054,0.042,0.158,0.111,126.054,139576,0.194,C#/Db,latin
73,1,2020,12,18,10509961,Queen,missing, ,, ,,2020,12,18,missing,missing,missing,missing,missing,missing,missing,missing,missing,missing, , 
147,1,2020,7,24,5600868,"Capital Bra, Clueso, KC Rebell",4093115,7/23/2020,2020.0,7,23.0,2020,7,24,60,0.692,0.764,-5.233,0.113,0.574,0.106,84.029,189686,0.564,F,german hip hop
191,1,2021,1,15,4915403,Erica Banks,41551,6/19/2020,2020.0,6,19.0,2021,1,15,72,0.956,0.502,-5.995,0.213,0.059,0.238,110.003,187000,0.795,A,trap queen
3,70,2020,1,10,5241227,Future,10488292,1/10/2020,2020.0,1,10.0,2021,5,7,81,0.676,0.609,-5.831,0.481,0.071,0.152,142.037,237735,0.508,D,atl hip hop
138,49,2020,10,16,4900492,Dean Lewis,1692635,6/29/2018,2018.0,6,29.0,2021,2,5,80,0.553,0.586,-6.319,0.036,0.697,0.081,126.684,196373,0.443,B,australian pop
164,4,2020,9,18,4964708,Dalex,missing, ,, ,,2020,9,25,missing,missing,missing,missing,missing,missing,missing,missing,missing,missing, , 
131,21,2020,4,3,4397385,"Kina, Adriana Proenza",661863,8/31/2018,2018.0,8,31.0,2020,5,15,78,0.522,0.128,-18.717,0.036,0.894,0.094,109.986,187932,0.124,E,sad rap
5,31,2020,11,6,5191697,Justin Bieber,48504126,10/16/2020,2020.0,10,16.0,2021,5,14,80,0.631,0.239,-7.071,0.04,0.864,0.116,79.859,149297,0.093,B,canadian pop
166,1,2020,6,26,4577209,Megan Thee Stallion,4794212,6/26/2020,2020.0,6,26.0,2020,6,26,72,0.821,0.863,-3.159,0.353,0.008,0.038,180.013,154324,0.874,F#/Gb,houston rap
22,32,2020,8,28,5120753,Rauw Alejandro,6096559,7/9/2020,2020.0,7,9.0,2021,2,12,78,0.848,0.637,-5.132,0.156,0.041,0.052,96.988,222680,0.698,A,puerto rican pop
94,18,2019,12,27,4318772,Maroon 5,32279979,6/15/2018,2018.0,6,15.0,2020,6,26,66,0.851,0.541,-6.825,0.051,0.568,0.13,124.959,235545,0.448,C,pop
48,3,2021,7,23,10215216,"Tiago PZK, LIT killah",375865,7/8/2021,2021.0,7,8.0,2021,7,23,89,0.729,0.513,-6.345,0.046,0.494,0.137,170.064,192353,0.789,F,trap argentino
31,34,2020,1,3,4514763,Juice WRLD,19102888,10/4/2019,2019.0,10,4.0,2020,8,28,81,0.474,0.631,-5.884,0.343,0.069,0.132,180.051,189323,0.425,F,chicago rap
180,1,2020,12,18,6680928,Tony Bennett,659472,12/9/2014,2014.0,12,9.0,2020,12,18,29,0.604,0.497,-6.676,0.032,0.727,0.102,126.011,149307,0.72,C#/Db,adult standards
179,1,2020,10,30,5096618,AC/DC,20110171,7/27/1979,1979.0,7,27.0,2020,10,30,83,0.574,0.913,-4.793,0.133,0.061,0.156,115.728,208400,0.423,F#/Gb,australian rock
153,1,2021,7,23,5627257,"Emilia, Duki",205590,7/13/2021,2021.0,7,13.0,2021,7,23,83,0.843,0.534,-6.658,0.142,0.467,0.098,94.984,173053,0.528,C#/Db,
4,38,2020,6,26,5023592,BLACKPINK,23848461,10/2/2020,2020.0,10,2.0,2021,3,12,79,0.812,0.761,-5.222,0.081,0.047,0.06,130.032,182956,0.344,B,k-pop
9,39,2020,3,13,5390363,"Bad Bunny, Jowell & Randy, Ñengo Flow",36177712,2/29/2020,2020.0,2,29.0,2020,12,4,79,0.607,0.829,-4.074,0.379,0.01,0.107,96.172,295177,0.685,D,latin
17,12,2021,5,7,5383125,"Tion Wayne, Russ Millions",323203,4/22/2021,2021.0,4,22.0,2021,7,16,84,0.883,0.674,-8.043,0.357,0.21,0.068,141.02,278085,0.73,B,london rap
13,3,2020,7,24,5564072,Taylor Swift,42227614,7/24/2020,2020.0,7,24.0,2020,8,7,70,0.553,0.413,-10.037,0.033,0.687,0.059,110.107,208978,0.379,D,pop
38,2,2020,10,30,5798744,Ariana Grande,67208170,10/30/2020,2020.0,10,30.0,2020,11,6,70,0.552,0.599,-5.75,0.04,0.07,0.099,161.884,208457,0.092,C#/Db,dance pop
161,1,2020,1,10,5356671,Selena Gomez,28931149,1/10/2020,2020.0,1,10.0,2020,1,10,51,0.826,0.571,-9.263,0.043,0.249,0.215,121.06,189145,0.475,D,dance pop
80,80,2019,12,27,6452492,Ed Sheeran,83293380,3/3/2017,2017.0,3,3.0,2021,7,23,85,0.825,0.652,-3.183,0.08,0.581,0.093,95.977,233713,0.931,C#/Db,pop
5,142,2019,12,27,5294368,Harry Styles,16112621,12/13/2019,2019.0,12,13.0,2021,5,14,83,0.567,0.267,-6.502,0.03,0.839,0.089,110.011,240133,0.059,E,pop
171,1,2020,9,25,5141212,Joji,4759367,9/25/2020,2020.0,9,25.0,2020,9,25,66,0.656,0.776,-6.184,0.067,0.16,0.372,156.049,156759,0.638,F#/Gb,alternative r&b
36,2,2020,3,20,5730081,The Weeknd,35340069,3/20/2020,2020.0,3,20.0,2020,3,27,67,0.375,0.605,-7.268,0.073,0.612,0.147,175.946,283227,0.128,C,canadian contemporary r&b
134,1,2021,6,4,6040553,"TOMORROW X TOGETHER, Seori",4136553,5/31/2021,2021.0,5,31.0,2021,6,4,81,0.584,0.836,-4.925,0.079,0.056,0.066,104.973,202204,0.484,C,k-pop
24,2,2020,11,20,7703744,BTS,37151476,11/20/2020,2020.0,11,20.0,2020,11,27,77,0.787,0.669,-4.333,0.043,0.008,0.123,104.994,202313,0.57,F,k-pop
19,26,2021,1,1,5264232,Lil Nas X,5473565,11/13/2020,2020.0,11,13.0,2021,5,7,83,0.81,0.511,-6.924,0.164,0.12,0.083,151.947,154998,0.837,F,lgbtq+ hip hop
186,1,2020,2,21,4938864,Ufo361,1700759,4/24/2020,2020.0,4,24.0,2020,2,21,50,0.548,0.648,-4.796,0.292,0.084,0.123,141.937,204319,0.232,E,german cloud rap
7,65,2020,3,27,4971176,Dua Lipa,27142474,3/27/2020,2020.0,3,27.0,2021,6,18,80,0.73,0.729,-3.434,0.088,0.167,0.349,113.011,221820,0.467,E,dance pop
190,1,2020,3,6,5251918,Post Malone,33663701,12/9/2016,2016.0,12,9.0,2020,3,6,80,0.556,0.538,-5.408,0.038,0.069,0.196,143.95,223347,0.291,G#/Ab,dfw rap
80,41,2021,4,23,5098609,Polo G,4840346,5/15/2020,2020.0,5,15.0,2021,7,23,85,0.832,0.534,-7.813,0.253,0.345,0.165,93.924,132833,0.116,C#/Db,chicago rap
121,1,2021,3,12,6155698,KSI,2010879,3/12/2021,2021.0,3,12.0,2021,3,12,71,0.616,0.741,-4.272,0.043,0.003,0.307,122.012,181720,0.431,G,uk hip hop
113,7,2020,1,3,4986299,DaBaby,7601122,3/1/2019,2019.0,3,1.0,2020,2,7,76,0.876,0.662,-6.482,0.426,0.061,0.127,75.445,163320,0.844,D,north carolina hip hop
199,1,2019,12,27,4595450,Taylor Swift,42227614,11/13/2019,2019.0,11,13.0,2019,12,27,70,0.448,0.603,-7.176,0.064,0.433,0.086,205.272,221307,0.422,G,pop
174,1,2020,11,20,5263469,Sfera Ebbasta,4430628,12/18/2020,2020.0,12,18.0,2020,11,20,55,0.846,0.681,-7.091,0.174,0.046,0.112,131.988,192965,0.809,F,italian hip hop
128,3,2021,1,22,5059891,"Jason Derulo, Maroon 5",9778632,1/21/2021,2021.0,1,21.0,2021,2,19,78,0.749,0.674,-5.128,0.037,0.021,0.169,123.055,153865,0.711,A#/Bb,dance pop
12,9,2020,1,10,5195842,Selena Gomez,28931149,1/10/2020,2020.0,1,10.0,2020,3,6,68,0.838,0.545,-6.713,0.071,0.208,0.103,114.998,220590,0.631,F,dance pop
117,8,2020,2,14,4176083,Lizzo,3991674,2016,,2016,,2020,4,10,71,0.668,0.892,-3.001,0.065,0.298,0.735,95.927,159011,0.478,F,dance pop
50,5,2021,1,22,5497942,Sabrina Carpenter,3689546,1/22/2021,2021.0,1,22.0,2021,2,19,76,0.557,0.457,-5.372,0.034,0.428,0.057,105.918,177500,0.328,G,alt z
60,3,2020,2,28,5440382,Bad Bunny,36177712,2/29/2020,2020.0,2,29.0,2020,3,13,69,0.762,0.801,-3.661,0.041,0.2,0.254,93.992,136893,0.81,C#/Db,latin
171,2,2021,1,1,4848222,"Petter Ferraz, Menor Nico",14122,10/16/2020,2020.0,10,16.0,2021,1,1,66,0.934,0.707,-4.214,0.065,0.437,0.063,138.023,173913,0.961,A,
8,37,2021,2,5,5013017,CJ,180454,8/20/2020,2020.0,8,20.0,2021,7,2,81,0.719,0.648,-7.6,0.125,0.2,0.127,140.201,123263,0.66,D#/Eb,nyc rap
105,26,2020,1,3,5229835,Sam Smith,17097317,1/11/2019,2019.0,1,11.0,2020,10,30,78,0.741,0.52,-7.513,0.066,0.45,0.222,102.998,171030,0.347,G#/Ab,dance pop
52,9,2021,7,2,9428494,Marshmello,31541310,5/21/2021,2021.0,5,21.0,2021,7,23,89,0.721,0.738,-4.77,0.04,0.002,0.118,119.976,154983,0.637,G,brostep
84,3,2021,5,14,7615531,Migos,11690201,5/14/2021,2021.0,5,14.0,2021,6,11,77,0.847,0.629,-5.81,0.102,0.032,0.152,135.976,255532,0.109,A,atl hip hop
91,33,2019,12,27,4502853,Ava Max,3916979,9/18/2020,2020.0,9,18.0,2020,9,18,81,0.72,0.706,-4.719,0.047,0.068,0.166,133.002,187436,0.62,C#/Db,dance pop
9,7,2020,12,18,12266990,Kelly Clarkson,7869617,10/29/2013,2013.0,10,29.0,2020,12,25,49,0.509,0.812,-5.439,0.054,0.001,0.214,159.878,229640,0.689,G#/Ab,dance pop
185,7,2020,8,7,4380308,Juanfran,117894,2/7/2020,2020.0,2,7.0,2020,8,14,67,0.827,0.629,-3.966,0.185,0.183,0.084,88.064,187500,0.486,F#/Gb,dominican pop
126,2,2020,3,6,5895243,Ninho,4764552,3/7/2020,2020.0,3,7.0,2020,3,13,54,0.487,0.398,-9.901,0.07,0.835,0.12,149.367,157766,0.905,C#/Db,french hip hop
126,1,2020,9,25,6013371,Joji,4759367,9/25/2020,2020.0,9,25.0,2020,9,25,66,0.738,0.533,-7.617,0.049,0.183,0.115,132.008,207265,0.262,G,alternative r&b
158,5,2020,1,3,4791732,"J. Cole, Young Thug",6383275,5/23/2019,2019.0,5,23.0,2020,1,31,72,0.796,0.586,-6.946,0.147,0.025,0.132,97.981,200107,0.179,E,atl hip hop
192,1,2020,3,13,4787180,Tones And I,1251372,8/13/2021,2021.0,8,13.0,2020,3,13,0,0.756,0.553,-4.24,0.034,0.404,0.158,117.992,221467,0.597,F#/Gb,
182,3,2021,3,12,5098581,Hippie Sabotage,713486,2/5/2016,2016.0,2,5.0,2021,3,19,80,0.391,0.396,-8.621,0.189,0.702,0.315,99.112,131272,0.199,C#/Db,edm
38,5,2020,12,18,6052105,Shakin' Stevens,99249,11/25/1991,1991.0,11,25.0,2020,12,25,47,0.534,0.904,-3.315,0.037,0.129,0.128,202.899,220160,0.96,A,classic uk pop
31,3,2020,3,6,5231134,Lil Uzi Vert,11821805,3/6/2020,2020.0,3,6.0,2020,3,20,67,0.855,0.676,-5.736,0.325,0.089,0.144,133.082,195299,0.509,C#/Db,melodic rap
184,1,2020,2,28,5192813,"Capital Bra, Samra",4093115,2/27/2020,2020.0,2,27.0,2020,2,28,52,0.701,0.714,-5.906,0.524,0.289,0.088,86.91,173353,0.604,A#/Bb,german hip hop
92,1,2020,5,22,6384306,Gunna,3337982,5/22/2020,2020.0,5,22.0,2020,5,22,60,0.89,0.455,-9,0.255,0.022,0.11,148.009,158240,0.313,C,atl hip hop
20,7,2021,7,23,16908917,Doja Cat,8640063,6/25/2021,2021.0,6,25.0,2021,7,23,90,0.664,0.609,-6.509,0.071,0.304,0.093,130.041,210560,0.194,C#/Db,dance pop
171,1,2020,7,31,4828004,NLE Choppa,3372385,7/30/2020,2020.0,7,30.0,2020,7,31,64,0.614,0.553,-8.225,0.169,0.031,0.203,159.999,240297,0.161,G,memphis hip hop
27,21,2020,1,17,4360660,Jonas Brothers,5436999,1/17/2020,2020.0,1,17.0,2020,6,5,77,0.852,0.698,-7.206,0.063,0.008,0.077,113.039,180645,0.324,A,boy band
27,8,2021,4,16,5347781,"Young Stoner Life, Young Thug, Gunna",61930,4/16/2021,2021.0,4,16.0,2021,6,4,82,0.887,0.485,-9.358,0.2,0.039,0.141,125.987,215693,0.328,B,rap
142,23,2021,5,28,5607285,Avicii,20270895,1/1/2013,2013.0,1,1.0,2021,7,23,84,0.532,0.783,-5.697,0.052,0.004,0.161,124.08,247427,0.643,D,dance pop
38,72,2020,4,17,5127736,JP Saxe,280585,10/17/2019,2019.0,10,17.0,2021,5,14,82,0.464,0.473,-10.086,0.129,0.866,0.109,75.801,208687,0.604,C#/Db,alt z
37,3,2020,7,10,5047752,Juice WRLD,19102888,7/10/2020,2020.0,7,10.0,2020,7,24,75,0.745,0.5,-6.184,0.135,0.439,0.094,76.968,168685,0.433,G#/Ab,chicago rap
193,1,2021,7,16,5173308,John Mayer,5178156,7/16/2021,2021.0,7,16.0,2021,7,16,76,0.741,0.556,-9.184,0.027,0.063,0.103,122.008,249080,0.587,D,neo mellow
140,3,2020,11,6,5196635,The Kid LAROI,2238190,11/6/2020,2020.0,11,6.0,2020,11,20,76,0.762,0.426,-6.865,0.113,0.044,0.086,167.827,151705,0.582,G#/Ab,australian hip hop
20,3,2020,7,24,5053658,Taylor Swift,42227614,7/24/2020,2020.0,7,24.0,2020,8,7,70,0.559,0.31,-10.445,0.034,0.881,0.106,119.845,190898,0.46,A#/Bb,pop
118,1,2020,3,27,6015914,Dua Lipa,27167675,2/11/2021,2021.0,2,11.0,2020,3,27,63,0.768,0.486,-5.954,0.035,0.408,0.098,125.021,166266,0.519,D#/Eb,dance pop
18,34,2020,4,3,4680447,Bad Bunny,36177712,2/29/2020,2020.0,2,29.0,2020,10,16,78,0.86,0.758,-5.16,0.07,0.021,0.344,97.014,172127,0.453,B,latin
153,1,2020,3,13,5415044,Lil Uzi Vert,11821805,3/13/2020,2020.0,3,13.0,2020,3,13,57,0.762,0.622,-6.293,0.223,0.352,0.145,130.019,193314,0.626,F,melodic rap
51,5,2020,1,10,4947780,Khalid,14190858,5/1/2020,2020.0,5,1.0,2020,2,7,68,0.679,0.408,-9.754,0.088,0.133,0.23,129.079,206080,0.151,E,pop
6,15,2020,10,2,4796365,BLACKPINK,23848461,10/2/2020,2020.0,10,2.0,2021,1,15,75,0.654,0.707,-5.661,0.066,0.006,0.087,127.97,194765,0.448,F#/Gb,k-pop
175,1,2021,2,5,5197587,Martin Garrix,14921269,2/5/2021,2021.0,2,5.0,2021,2,5,76,0.859,0.558,-8.991,0.09,0.659,0.124,114.978,144391,0.357,G,dance pop
91,10,2020,1,31,5676621,"Dalex, Lenny Tavárez, Anitta, Natti Natasha, Farruko, Justin Quiles",3600989,11/22/2019,2019.0,11,22.0,2020,2,28,67,0.795,0.715,-3.582,0.084,0.141,0.179,165.941,304733,0.758,C#/Db,latin
176,1,2020,1,3,4856458,Lauv,missing, ,, ,,2020,1,3,missing,missing,missing,missing,missing,missing,missing,missing,missing,missing, , 
35,27,2020,11,13,5145966,Justin Quiles,2897862,8/14/2020,2020.0,8,14.0,2021,2,26,75,0.807,0.656,-4.395,0.105,0.017,0.069,83.943,185840,0.89,D#/Eb,latin
41,1,2020,11,27,12914431,Bad Bunny,36177712,11/27/2020,2020.0,11,27.0,2020,11,27,70,0.86,0.725,-6.7,0.249,0.046,0.099,145.001,162151,0.375,B,latin
183,1,2020,12,11,6108393,Kid Cudi,5002317,12/11/2020,2020.0,12,11.0,2020,12,11,54,0.331,0.513,-15.392,0.632,0.972,0.882,133.971,37013,0.42,B,hip hop
177,7,2021,1,29,5053713,Tones And I,2820477,11/13/2020,2020.0,11,13.0,2021,2,19,79,0.806,0.513,-6.208,0.069,0.217,0.217,124.988,178157,0.503,E,australian pop
128,1,2019,12,27,5632102,Doja Cat,8671649,3/30/2018,2018.0,3,30.0,2019,12,27,71,0.689,0.516,-5.857,0.044,0.513,0.163,124.876,190920,0.209,G#/Ab,dance pop
120,1,2020,2,21,6373954,BTS,37151476,2/21/2020,2020.0,2,21.0,2020,2,21,67,0.661,0.84,-4.805,0.116,0.005,0.287,91.457,237540,0.524,C,k-pop
144,1,2021,2,19,5897983,NF,5831194,2/18/2021,2021.0,2,18.0,2021,2,19,69,0.793,0.65,-3.944,0.397,0.371,0.854,128.111,243750,0.809,C#/Db,hip hop
85,5,2021,7,9,6711375,Madison Beer,3363988,6/4/2021,2021.0,6,4.0,2021,7,23,86,0.386,0.426,-6.642,0.036,0.807,0.14,180.104,203385,0.261,D#/Eb,alt z
29,6,2021,6,25,10032746,"Wisin, Jhay Cortez, Anuel AA, Los Legendarios, Myke Towers",6929075,6/15/2021,2021.0,6,15.0,2021,7,23,89,0.839,0.711,-4.733,0.047,0.398,0.118,97.99,349547,0.573,F#/Gb,latin
2,46,2020,5,1,4966878,Drake,56327031,4/3/2020,2020.0,4,3.0,2021,2,12,78,0.834,0.454,-9.75,0.201,0.321,0.114,81.618,247059,0.837,C#/Db,canadian hip hop
46,10,2021,7,23,10315460,Galantis,3120157,5/20/2021,2021.0,5,20.0,2021,7,23,89,0.595,0.784,-4.878,0.102,0.216,0.061,124.111,183726,0.479,C#/Db,dance pop
1,12,2020,7,24,5845457,Taylor Swift,42227614,7/24/2020,2020.0,7,24.0,2020,12,11,79,0.613,0.581,-8.588,0.042,0.537,0.25,130.033,239560,0.551,C,pop
116,21,2019,12,27,4426791,Panic! At The Disco,10850424,6/22/2018,2018.0,6,22.0,2020,6,26,81,0.579,0.904,-2.729,0.062,0.193,0.064,82.014,190947,0.681,F,modern rock
56,4,2020,6,19,5031845,Tyla Yaweh,359133,6/12/2020,2020.0,6,12.0,2020,7,3,73,0.457,0.621,-5.923,0.138,0.218,0.094,85.359,224638,0.634,A#/Bb,cali rap
68,1,2020,3,6,9824605,Lil Uzi Vert,11821805,3/6/2020,2020.0,3,6.0,2020,3,6,63,0.775,0.757,-4.139,0.175,0.162,0.148,142.933,188800,0.562,A,melodic rap
11,4,2020,10,2,6846771,BLACKPINK,23848461,10/2/2020,2020.0,10,2.0,2020,10,23,67,0.653,0.662,-6.168,0.162,0.005,0.063,111.712,161168,0.674,G,k-pop
157,1,2020,9,4,5117128,Saweetie,1255573,8/28/2020,2020.0,8,28.0,2020,9,4,64,0.948,0.63,-7.011,0.219,0.006,0.074,100.032,253569,0.425,C#/Db,cali rap
45,19,2021,4,30,6660319,Bruno Mars,32574754,10/5/2010,2010.0,10,5.0,2021,7,23,83,0.523,0.606,-4.754,0.03,0.512,0.106,145.837,217867,0.065,C#/Db,dance pop
135,4,2021,7,23,5912784,Jamie Miller,64288,4/30/2021,2021.0,4,30.0,2021,7,23,85,0.558,0.454,-5.335,0.055,0.499,0.146,113.12,158594,0.424,F#/Gb,pop soul
93,2,2020,6,12,4513982,NLE Choppa,3372385,6/12/2020,2020.0,6,12.0,2020,6,19,62,0.806,0.749,-5.268,0.328,0.084,0.062,140.032,145167,0.77,C#/Db,memphis hip hop
157,1,2020,8,7,5074613,DaBaby,7601122,8/4/2020,2020.0,8,4.0,2020,8,7,69,0.709,0.679,-6.503,0.346,0.012,0.097,162.973,153467,0.754,B,north carolina hip hop
30,2,2020,1,17,7157402,Eminem,46814751,1/17/2020,2020.0,1,17.0,2020,1,24,66,0.68,0.82,-4.197,0.151,0.061,0.597,140.033,234653,0.243,E,detroit hip hop
15,6,2020,12,18,10609206,Justin Bieber,48544923,1/1/2011,2011.0,1,1.0,2020,12,25,59,0.657,0.56,-9.049,0.047,0.498,0.079,161.993,182947,0.854,F#/Gb,canadian pop
17,78,2020,4,24,4975720,Travis Scott,17719446,10/4/2019,2019.0,10,4.0,2021,6,18,84,0.598,0.427,-8.764,0.032,0.055,0.21,76.469,175721,0.061,G,rap
59,1,2020,11,27,11066606,"Bad Bunny, ABRA",36177712,11/27/2020,2020.0,11,27.0,2020,11,27,70,0.612,0.561,-6.054,0.085,0.06,0.145,191.911,163053,0.393,C#/Db,latin
195,1,2021,5,21,5174437,Gjon's Tears,32257,3/10/2021,2021.0,3,10.0,2021,5,21,69,0.534,0.365,-9.187,0.033,0.81,0.158,123.466,183707,0.237,A,
94,1,2020,1,17,8277608,Eminem,46814751,1/17/2020,2020.0,1,17.0,2020,1,17,61,0.89,0.664,-6.625,0.106,0.005,0.257,93.007,247733,0.467,E,detroit hip hop
83,3,2020,1,3,5834918,Khalid,14190858,11/14/2019,2019.0,11,14.0,2020,1,10,69,0.665,0.712,-7.536,0.053,0.001,0.102,93.992,157220,0.669,C#/Db,pop
88,27,2020,1,3,4403348,Drake,56327031,6/15/2019,2019.0,6,15.0,2020,6,26,78,0.831,0.502,-4.045,0.046,0.101,0.122,100.541,205427,0.101,A#/Bb,canadian hip hop
183,2,2020,12,25,4580123,"Os Barões Da Pisadinha, Xand Avião",4281787,5/29/2020,2020.0,5,29.0,2021,1,1,68,0.599,0.914,-2.415,0.063,0.5,0.694,168.008,182977,0.831,F,forro
167,1,2020,9,11,4938139,Matuê,3263283,9/10/2020,2020.0,9,10.0,2020,9,11,70,0.629,0.727,-4.387,0.05,0.065,0.138,149.978,230400,0.132,E,r&b brasileiro
75,1,2020,2,21,8516710,BTS,37151476,2/21/2020,2020.0,2,21.0,2020,2,21,72,0.526,0.575,-5.215,0.031,0.225,0.108,84.047,261543,0.19,A,k-pop
31,12,2021,6,4,9086979,"Rauw Alejandro, Mr. Naisgai",6080597,2/14/2021,2021.0,2,14.0,2021,7,23,87,0.54,0.455,-5.988,0.224,0.675,0.12,83.876,212032,0.432,D#/Eb,puerto rican pop
10,7,2020,12,11,4848954,Taylor Swift,42227614,12/11/2020,2020.0,12,11.0,2021,1,22,75,0.462,0.24,-12.077,0.038,0.92,0.113,171.319,244000,0.32,C,pop
189,1,2020,7,3,4470597,Anuel AA,18306226,5/29/2020,2020.0,5,29.0,2020,7,3,67,0.843,0.845,-2.344,0.05,0.35,0.053,126.989,210624,0.898,C,latin
66,1,2021,7,16,8859168,Pop Smoke,6837946,7/31/2021,2021.0,7,31.0,2021,7,16,57,0.662,0.686,-8.302,0.332,0.251,0.349,143.971,215000,0.678,G,brooklyn drill
196,1,2019,12,27,4623030,Jorge & Mateus,15019109,10/11/2019,2019.0,10,11.0,2019,12,27,66,0.528,0.87,-3.123,0.085,0.24,0.333,152.37,181930,0.714,B,sertanejo
165,1,2021,6,25,5527865,Doja Cat,8640063,6/25/2021,2021.0,6,25.0,2021,6,25,75,0.733,0.862,-5.736,0.197,0.374,0.131,111.076,223560,0.536,G,dance pop
164,1,2021,7,9,5454994,Bas,386757,7/9/2021,2021.0,7,9.0,2021,7,9,76,0.784,0.474,-6.139,0.052,0.333,0.278,128.012,204434,0.64,G#/Ab,hip hop
5,3,2021,7,9,22062812,BTS,37106176,7/9/2021,2021.0,7,9.0,2021,7,23,95,0.702,0.741,-5.33,0.043,0.005,0.337,124.925,187585,0.646,A,k-pop
191,1,2021,7,23,5063181,"Anne-Marie, Little Mix",8148393,7/23/2021,2021.0,7,23.0,2021,7,23,78,0.638,0.878,-3.639,0.048,0.015,0.308,103.948,176800,0.481,F,dance pop
89,1,2021,7,23,7365053,"Belly, The Weeknd, Young Thug",203972,7/22/2021,2021.0,7,22.0,2021,7,23,80,0.797,0.573,-7.85,0.319,0.159,0.144,124.995,206629,0.445,C,canadian hip hop
12,14,2020,12,25,5454807,Sia,20528724,11/1/2018,2018.0,11,1.0,2021,3,12,77,0.716,0.512,-6.257,0.033,0.483,0.093,104.957,165907,0.326,C#/Db,australian dance
90,10,2019,12,27,5112244,"Rich Music LTD, Sech, Dalex, Justin Quiles, Lenny Tavárez, Feid, Wisin, Zion",206225,10/11/2019,2019.0,10,11.0,2020,2,28,73,0.727,0.815,-2.454,0.153,0.026,0.231,176.075,216067,0.677,D#/Eb,latin
5,7,2020,12,18,16613649,Brenda Lee,222627,10/19/1964,1964.0,10,19.0,2020,12,25,58,0.589,0.472,-8.749,0.05,0.614,0.505,67.196,126267,0.898,G#/Ab,adult standards
75,1,2021,4,16,7515766,"Young Stoner Life, Young Thug, Gunna",61930,4/16/2021,2021.0,4,16.0,2021,4,16,69,0.851,0.703,-7.351,0.303,0.009,0.09,74.017,242600,0.596,E,rap
5,21,2021,3,19,6300416,Justin Bieber,1250353,8/13/2021,2021.0,8,13.0,2021,7,23,0,0.658,0.634,-5.797,0.041,0.011,0.132,139.98,170813,0.29,C#/Db,
67,2,2020,2,7,5835260,5 Seconds of Summer,7744095,3/27/2020,2020.0,3,27.0,2020,2,14,62,0.576,0.807,-3.019,0.037,0.019,0.096,90.932,192737,0.479,G,boy band
12,83,2019,12,27,8490162,Lewis Capaldi,8384096,5/17/2019,2019.0,5,17.0,2021,7,23,86,0.501,0.405,-5.679,0.032,0.751,0.105,109.891,182161,0.446,C#/Db,pop
52,22,2021,2,5,5068864,The Weeknd,35305637,8/28/2015,2015.0,8,28.0,2021,7,23,84,0.585,0.564,-7.063,0.052,0.067,0.135,113.003,242253,0.137,C,canadian contemporary r&b
130,11,2019,12,27,4565400,Drake,56327031,6/29/2018,2018.0,6,29.0,2020,5,1,82,0.754,0.449,-9.211,0.109,0.033,0.552,77.169,198973,0.357,G,canadian hip hop
84,1,2021,4,9,7736262,Taylor Swift,42227614,4/9/2021,2021.0,4,9.0,2021,4,9,72,0.402,0.732,-4.665,0.048,0.003,0.108,161.032,243137,0.472,F,pop
140,4,2021,1,22,5092250,Bring Me The Horizon,3912138,4/1/2013,2013.0,4,1.0,2021,2,5,77,0.15,0.859,-2.827,0.06,0.002,0.387,170.527,228147,0.354,E,melodic metalcore
42,60,2020,1,31,5467596,Billie Eilish,1250353,8/13/2021,2021.0,8,13.0,2021,4,30,0,0.484,0.103,-14.075,0.063,0.979,0.09,124.011,199931,0.194,C#/Db,
55,2,2021,6,25,5912293,Doja Cat,8640063,6/25/2021,2021.0,6,25.0,2021,7,2,80,0.683,0.615,-5.737,0.097,0.222,0.154,77.014,188893,0.45,F,dance pop
81,3,2020,3,6,4591194,Christian Nodal,8123757,5/29/2020,2020.0,5,29.0,2020,3,20,71,0.65,0.558,-3.082,0.031,0.368,0.303,141.82,159533,0.725,C,mariachi
22,22,2021,2,12,6318660,Dua Lipa,27142474,2/11/2021,2021.0,2,11.0,2021,7,9,83,0.722,0.588,-5.932,0.054,0.032,0.183,134.01,165507,0.59,F#/Gb,dance pop
36,2,2021,5,14,12648655,J. Cole,14097410,5/14/2021,2021.0,5,14.0,2021,5,14,70,0.618,0.632,-6.973,0.346,0.053,0.353,81.446,306257,0.319,B,conscious hip hop
70,1,2020,3,27,8136247,Dua Lipa,27167675,2/11/2021,2021.0,2,11.0,2020,3,27,65,0.469,0.785,-4.015,0.066,0.133,0.093,89.719,209583,0.79,F,dance pop
50,3,2021,6,11,5424579,Migos,11690201,6/11/2021,2021.0,6,11.0,2021,6,25,79,0.927,0.538,-3.917,0.116,0.031,0.095,125.983,278191,0.221,C#/Db,atl hip hop
32,1,2021,5,14,14051831,J. Cole,14097410,5/14/2021,2021.0,5,14.0,2021,5,14,70,0.769,0.74,-6.579,0.378,0.197,0.171,94.104,112579,0.692,B,conscious hip hop
105,6,2020,2,14,5434180,Myke Towers,6161098,1/24/2020,2020.0,1,24.0,2020,3,6,72,0.733,0.708,-4.957,0.094,0.033,0.324,93.021,186427,0.694,F#/Gb,trap latino
8,71,2020,8,14,4977498,"Topic, A7S",151832,12/19/2019,2019.0,12,19.0,2021,7,23,84,0.789,0.72,-5.652,0.218,0.223,0.129,122.031,166794,0.664,G#/Ab,dance pop
97,3,2021,7,23,6858466,Doja Cat,8640063,6/25/2021,2021.0,6,25.0,2021,7,23,86,0.824,0.764,-4.175,0.085,0.089,0.117,107.998,172627,0.881,F,dance pop
188,1,2020,8,21,4561189,blackbear,4272745,8/19/2020,2020.0,8,19.0,2020,8,21,64,0.666,0.628,-5.613,0.062,0.144,0.189,82.992,186468,0.767,G#/Ab,electropop
168,1,2020,11,13,5151014,"Future, Lil Uzi Vert",10491105,11/13/2020,2020.0,11,13.0,2020,11,13,64,0.94,0.532,-5.998,0.358,0.12,0.093,123.043,228796,0.599,B,atl hip hop
27,2,2020,11,20,7010227,BTS,37151476,11/20/2020,2020.0,11,20.0,2020,11,27,76,0.582,0.693,-5.048,0.047,0.114,0.13,125.904,204800,0.341,F#/Gb,k-pop
80,5,2021,6,11,5259503,TWICE,9987114,6/11/2021,2021.0,6,11.0,2021,7,9,82,0.688,0.909,-1.992,0.062,0.047,0.067,97.097,210573,0.702,G#/Ab,k-pop
87,1,2021,7,16,7371935,Pop Smoke,6837946,7/31/2021,2021.0,7,31.0,2021,7,16,56,0.563,0.672,-7.226,0.077,0.359,0.097,99.772,156000,0.284,A,brooklyn drill
57,1,2020,12,11,12234761,Taylor Swift,42227614,12/11/2020,2020.0,12,11.0,2020,12,11,64,0.535,0.561,-11.609,0.048,0.876,0.115,96.103,257773,0.287,F,pop
8,8,2020,7,10,4883202,Juice WRLD,19102888,7/10/2020,2020.0,7,10.0,2020,8,21,74,0.63,0.446,-8.9,0.035,0.337,0.166,143.078,202193,0.177,C#/Db,chicago rap
155,22,2021,7,2,5382191,The Killers,6118063,6/15/2004,2004.0,6,15.0,2021,7,23,75,0.356,0.924,-3.74,0.081,0.001,0.095,148.017,222587,0.232,C#/Db,dance rock
132,1,2020,3,27,5878493,"Zuna, Loredana, SRNO",900975,3/27/2020,2020.0,3,27.0,2020,3,27,54,0.761,0.556,-6.943,0.364,0.138,0.098,187.81,160357,0.521,C#/Db,albanian hip hop
151,7,2021,1,1,5044252,Tarcísio do Acordeon,1200248,12/17/2020,2020.0,12,17.0,2021,2,12,67,0.709,0.816,-4.787,0.035,0.685,0.146,150.06,237900,0.921,B,
106,1,2021,5,21,6935400,Barbara Pravi,75496,11/6/2020,2020.0,11,6.0,2021,5,21,72,0.447,0.337,-8.665,0.063,0.773,0.298,135.379,176816,0.603,D,eurovision
145,1,2020,12,18,7363913,Bruce Springsteen,4224071,1981,,1981,,2020,12,18,44,0.357,0.668,-8.444,0.048,0.362,0.727,139.986,267600,0.407,C,classic rock
45,18,2021,1,1,4967348,"Camilo, El Alfa",10580764,11/25/2020,2020.0,11,25.0,2021,4,2,78,0.862,0.72,-4.048,0.038,0.487,0.06,129.972,198707,0.965,E,colombian pop
35,48,2021,1,29,8564017,The Neighbourhood,6662605,4/19/2013,2013.0,4,19.0,2021,7,23,87,0.612,0.807,-2.81,0.034,0.05,0.101,124.053,240400,0.398,A#/Bb,modern alternative rock
93,1,2021,4,9,7385864,Taylor Swift,42227614,4/9/2021,2021.0,4,9.0,2021,4,9,66,0.788,0.571,-6.135,0.03,0.106,0.093,115.99,254255,0.797,F#/Gb,pop
156,1,2020,12,18,7227612,Dean Martin,1139096,1/1/1959,1959.0,1,1.0,2020,12,18,41,0.478,0.201,-16.768,0.033,0.919,0.085,136.471,135760,0.857,G,adult standards
190,2,2020,4,3,4324610,Rod Wave,2203386,6/14/2019,2019.0,6,14.0,2020,4,10,70,0.733,0.389,-8.468,0.074,0.051,0.141,157.878,159670,0.244,A#/Bb,florida rap
60,5,2020,5,8,4432210,"Bad Bunny, Nicky Jam",36177712,5/10/2020,2020.0,5,10.0,2020,6,5,71,0.59,0.729,-4.95,0.089,0.321,0.659,93.094,202240,0.712,G,latin
61,17,2020,12,4,5831357,"Russ Millions, Tion Wayne",323203,4/22/2021,2021.0,4,22.0,2021,5,7,84,0.883,0.674,-8.043,0.357,0.21,0.068,141.02,278085,0.73,B,london rap
123,8,2020,1,31,5286044,TOKYO’S REVENGE,313480,10/18/2019,2019.0,10,18.0,2020,2,28,74,0.907,0.539,-7.782,0.36,0.041,0.253,124.918,150115,0.664,E,meme rap
197,1,2021,4,23,4945935,Bruno Mars,32603394,12/7/2012,2012.0,12,7.0,2021,4,23,82,0.612,0.28,-8.648,0.043,0.932,0.088,72.795,213827,0.387,C,dance pop
70,1,2020,1,17,9493884,Eminem,46814751,1/17/2020,2020.0,1,17.0,2020,1,17,63,0.756,0.747,-5.407,0.046,0.005,0.588,134.935,200947,0.069,A,detroit hip hop
1,40,2020,10,30,7244853,Ariana Grande,67158068,10/30/2020,2020.0,10,30.0,2021,7,23,86,0.737,0.802,-4.771,0.088,0.468,0.093,144.015,172325,0.682,C,dance pop
2,52,2020,9,4,5769714,Maluma,26769304,11/5/2020,2020.0,11,5.0,2021,7,23,77,0.766,0.788,-3.128,0.312,0.105,0.142,179.984,200482,0.609,F#/Gb,latin
47,7,2020,6,12,4629083,Lil Baby,7816213,6/12/2020,2020.0,6,12.0,2020,7,24,70,0.59,0.618,-5.756,0.334,0.013,0.244,96.459,252729,0.153,C#/Db,atl hip hop
68,3,2020,1,31,5376451,"Joker Bra, VIZE",191521,1/30/2020,2020.0,1,30.0,2020,2,14,63,0.771,0.921,-4.228,0.109,0.166,0.119,128.021,148125,0.56,C#/Db,german hip hop
25,39,2021,2,5,5693848,MEDUZA,441674,10/30/2020,2020.0,10,30.0,2021,7,23,85,0.632,0.595,-7.644,0.04,0.069,0.209,124.114,167903,0.435,G#/Ab,dance pop
78,1,2020,7,10,8449557,Juice WRLD,19102888,7/10/2020,2020.0,7,10.0,2020,7,10,60,0.307,0.528,-11.337,0.108,0.972,0.222,174.795,70395,0.58,B,chicago rap
12,32,2020,4,17,5089970,"BENEE, Gus Dapperton",638337,11/15/2019,2019.0,11,15.0,2020,10,9,77,0.863,0.631,-4.689,0.053,0.305,0.123,128.977,223480,0.817,G,alt z
77,1,2020,10,2,8243488,"21 Savage, Metro Boomin",9949044,10/2/2020,2020.0,10,2.0,2020,10,2,64,0.774,0.706,-6.494,0.355,0.002,0.104,152.891,185037,0.382,D,atl hip hop
29,30,2020,1,31,4617726,"Dalex, Lenny Tavárez, Chencho Corleone, Juhn, Dímelo Flow",3600989,11/1/2019,2019.0,11,1.0,2020,7,17,77,0.654,0.672,-5.98,0.311,0.471,0.078,181.857,249520,0.343,C,latin
89,9,2020,9,11,5112572,"13 Organisé, SCH, Kofs, Jul, Naps, Soso Maness, Elams, Solda, Houari",249910,8/15/2020,2020.0,8,15.0,2020,10,16,72,0.901,0.939,-2.762,0.274,0.117,0.064,142.948,356347,0.805,F#/Gb,french hip hop
167,1,2020,1,17,5678754,Gambi,951798,1/17/2020,2020.0,1,17.0,2020,1,17,59,0.916,0.57,-6.278,0.18,0.029,0.085,110.05,169702,0.7,C#/Db,francoton
102,3,2020,1,3,5705999,"Idina Menzel, AURORA",1251372,11/15/2019,2019.0,11,15.0,2020,1,10,74,0.323,0.405,-8.533,0.041,0.849,0.138,145.104,194848,0.274,A#/Bb,
92,10,2020,9,18,4731423,"Daddy Yankee, Anuel AA, Kendo Kaponi",23936368,9/11/2020,2020.0,9,11.0,2020,11,13,69,0.838,0.819,-4.681,0.211,0.285,0.224,105.027,275893,0.656,F,latin
25,4,2021,6,11,5234112,Lorde,8083566,6/10/2021,2021.0,6,10.0,2021,7,2,81,0.735,0.47,-9.405,0.1,0.266,0.32,87.971,192621,0.897,E,art pop
71,4,2021,5,21,7506580,Polo G,4840346,5/21/2021,2021.0,5,21.0,2021,6,11,78,0.752,0.563,-8.066,0.209,0.146,0.103,145.05,178776,0.551,D#/Eb,chicago rap
175,1,2020,12,18,6809438,Donny Hathaway,424935,4/3/1990,1990.0,4,3.0,2020,12,18,42,0.634,0.645,-9.2,0.038,0.292,0.246,93.047,231173,0.677,F,chicago soul
2,48,2020,10,16,6697067,Internet Money,411579,8/14/2020,2020.0,8,14.0,2021,7,23,82,0.799,0.66,-6.153,0.079,0.256,0.111,140.04,195429,0.471,C#/Db,pop rap
124,1,2021,6,11,6410263,Maroon 5,32262679,6/11/2021,2021.0,6,11.0,2021,6,11,79,0.766,0.706,-6.553,0.16,0.223,0.064,142.989,172598,0.766,G,pop
67,5,2020,6,5,4592745,TWICE,9998991,6/1/2020,2020.0,6,1.0,2020,6,26,70,0.739,0.841,-4.162,0.06,0.031,0.173,106.99,199653,0.562,F,k-pop
60,17,2020,6,12,5370330,The Kid LAROI,2238190,7/24/2020,2020.0,7,24.0,2020,12,4,78,0.487,0.74,-4.973,0.094,0.157,0.612,73.779,181688,0.522,F#/Gb,australian hip hop
132,1,2021,4,2,5836326,Demi Lovato,20338833,3/26/2021,2021.0,3,26.0,2021,4,2,66,0.413,0.64,-5.811,0.043,0.273,0.11,75.245,243992,0.149,G#/Ab,dance pop
1,83,2020,6,12,15011809,The Weeknd,35305637,3/20/2020,2020.0,3,20.0,2021,7,23,92,0.514,0.73,-5.934,0.06,0.001,0.09,171.005,200040,0.334,C#/Db,canadian contemporary r&b
190,1,2021,1,8,4860714,Morgan Wallen,2147875,1/8/2021,2021.0,1,8.0,2021,1,8,68,0.633,0.664,-5.037,0.029,0.46,0.108,115.058,156747,0.268,A#/Bb,contemporary country
135,6,2019,12,27,4940984,Khalid,14190858,4/5/2019,2019.0,4,5.0,2020,2,7,73,0.9,0.4,-8.575,0.127,0.052,0.06,135.984,197573,0.346,C,pop
20,3,2020,10,30,5308945,Ariana Grande,67208170,10/30/2020,2020.0,10,30.0,2020,11,13,67,0.411,0.522,-7.295,0.098,0.519,0.398,88.332,239949,0.382,C,dance pop
70,2,2020,1,31,5561205,Lil Wayne,10710088,1/31/2020,2020.0,1,31.0,2020,2,7,60,0.804,0.528,-3.231,0.378,0.125,0.41,138.005,184440,0.321,C#/Db,hip hop
73,1,2020,1,17,9260007,Eminem,46814751,1/17/2020,2020.0,1,17.0,2020,1,17,62,0.871,0.493,-6.356,0.205,0.013,0.385,144.989,200573,0.05,C#/Db,detroit hip hop
46,19,2020,11,6,5440707,The Kid LAROI,2238190,10/23/2020,2020.0,10,23.0,2021,2,26,74,0.719,0.598,-6.254,0.077,0.232,0.115,142.592,126521,0.303,A,australian hip hop
196,1,2020,2,21,4851895,"Dalex, Sech",3600989,3/19/2020,2020.0,3,19.0,2020,2,21,63,0.524,0.577,-4.501,0.18,0.185,0.103,175.396,201361,0.19,D,latin
18,18,2021,1,1,4965330,Ed Sheeran,1250353,8/13/2021,2021.0,8,13.0,2021,4,16,0,0.641,0.324,-5.851,0.03,0.698,0.328,110.184,185487,0.273,B,
124,20,2020,1,3,4397708,benny blanco,804613,7/12/2018,2018.0,7,12.0,2020,5,8,77,0.56,0.68,-7.648,0.321,0.555,0.116,89.391,173800,0.319,F#/Gb,electropop
53,1,2020,5,1,9628215,Drake,56327031,5/1/2020,2020.0,5,1.0,2020,5,1,64,0.812,0.506,-7.706,0.116,0.281,0.325,145.074,237946,0.554,F,canadian hip hop
159,1,2020,9,18,5094137,Damso,3071170,4/28/2021,2021.0,4,28.0,2020,9,18,62,0.521,0.39,-9.726,0.128,0.582,0.112,104.106,315640,0.157,G#/Ab,belgian hip hop
30,37,2020,10,23,5176493,Jason Derulo,9778632,7/22/2020,2020.0,7,22.0,2021,4,2,82,0.789,0.711,-4.248,0.041,0.033,0.088,112.985,190306,0.753,D,dance pop
15,23,2021,5,7,14273637,"Riton, Nightcrawlers",83689,1/15/2021,2021.0,1,15.0,2021,7,23,92,0.824,0.862,-3.424,0.126,0.008,0.303,122.98,169153,0.801,D,dance pop
191,1,2020,3,6,5226991,Lauv,4442273,3/6/2020,2020.0,3,6.0,2020,3,6,74,0.806,0.558,-6.46,0.068,0.482,0.062,95.016,198973,0.678,A,dance pop
19,6,2020,12,18,10787165,Frank Sinatra,4953667,11/8/1994,1994.0,11,8.0,2020,12,25,53,0.652,0.259,-13.336,0.06,0.903,0.362,142.169,155453,0.836,D,adult standards
68,1,2020,5,1,8304928,Drake,56327031,5/1/2020,2020.0,5,1.0,2020,5,1,60,0.41,0.82,-6.808,0.533,0.252,0.538,170.718,223124,0.526,C#/Db,canadian hip hop
18,2,2021,5,14,6333126,J. Cole,14097410,5/14/2021,2021.0,5,14.0,2021,5,21,75,0.713,0.793,-5.277,0.397,0.271,0.727,71.724,196946,0.203,D,conscious hip hop
177,1,2021,1,15,5119828,"Anne-Marie, KSI, Digital Farm Animals",8153871,1/15/2021,2021.0,1,15.0,2021,1,15,73,0.695,0.784,-6.564,0.04,0.089,0.084,128.031,188581,0.52,F#/Gb,dance pop
92,3,2021,4,30,5595839,"Bizarrap, Snow Tha Product",3126961,4/28/2021,2021.0,4,28.0,2021,5,14,78,0.83,0.748,-5.362,0.162,0.354,0.099,133.028,177443,0.523,C#/Db,argentine hip hop
197,1,2020,10,23,4703672,Adele,28335338,1/24/2011,2011.0,1,24.0,2020,10,23,77,0.556,0.319,-8.251,0.028,0.893,0.1,135.187,285240,0.294,A,british soul
7,23,2020,11,20,5069268,Shawn Mendes,33893352,11/20/2020,2020.0,11,20.0,2021,4,23,79,0.652,0.383,-7.076,0.052,0.068,0.083,145.765,178994,0.549,D,canadian pop
189,2,2020,8,14,4439790,twocolors,36369,5/8/2020,2020.0,5,8.0,2020,8,14,79,0.677,0.766,-6.896,0.057,0.022,0.129,123.062,190488,0.198,F#/Gb,edm
76,16,2021,4,23,5914661,Tom Odell,1838616,9/17/2013,2013.0,9,17.0,2021,7,23,67,0.445,0.537,-8.532,0.04,0.695,0.094,122.764,244360,0.131,E,pop
60,10,2019,12,27,5436773,Daddy Yankee,23936368,10/18/2019,2019.0,10,18.0,2020,2,28,72,0.658,0.901,-2.814,0.036,0.048,0.12,93.979,210520,0.708,G,latin
11,33,2020,11,20,5005018,Miley Cyrus,15770302,11/20/2020,2020.0,11,20.0,2021,7,2,79,0.781,0.67,-3.912,0.045,0.01,0.076,127.99,169333,0.595,D#/Eb,dance pop
148,1,2020,1,17,6159873,Mac Miller,6189454,1/17/2020,2020.0,1,17.0,2020,1,17,61,0.762,0.054,-16.735,0.05,0.947,0.124,96.838,160267,0.339,D,hip hop
13,55,2020,10,16,6152121,Tate McRae,1647262,4/17/2020,2020.0,4,17.0,2021,7,23,86,0.667,0.373,-9.389,0.05,0.785,0.091,124.148,169266,0.082,E,alt z
17,4,2020,7,24,4424118,Taylor Swift,42227614,7/24/2020,2020.0,7,24.0,2020,8,14,71,0.653,0.452,-11.143,0.055,0.838,0.108,83.433,252881,0.45,E,pop
39,2,2019,12,27,5748010,Don Toliver,437907,12/27/2019,2019.0,12,27.0,2020,1,3,66,0.75,0.789,-4.578,0.108,0.253,0.129,147.957,157133,0.673,D,rap
28,23,2021,4,16,6111108,Sech,8758283,7/9/2021,2021.0,7,9.0,2021,7,9,89,0.816,0.71,-3.728,0.04,0.165,0.292,93.02,208631,0.784,G,latin
57,1,2020,1,17,10830400,Eminem,46814751,1/17/2020,2020.0,1,17.0,2020,1,17,62,0.847,0.637,-5.193,0.367,0.026,0.382,165.979,173893,0.511,C#/Db,detroit hip hop
99,5,2019,12,27,6442626,Henrique & Juliano,13312073,12/6/2019,2019.0,12,6.0,2020,1,24,66,0.668,0.684,-5.937,0.053,0.627,0.923,108.138,187986,0.7,C#/Db,sertanejo pop
86,19,2020,9,11,5929062,Kane Brown,3509653,7/10/2020,2020.0,7,10.0,2020,11,13,79,0.727,0.626,-8.415,0.073,0.047,0.126,86.97,191406,0.322,G,contemporary country
20,6,2020,6,12,4700152,6ix9ine,6514102,6/12/2020,2020.0,6,12.0,2020,7,17,65,0.744,0.422,-8.946,0.294,0.032,0.11,180.006,202667,0.493,C#/Db,emo rap
6,26,2021,1,1,5079587,Justin Bieber,1250353,8/13/2021,2021.0,8,13.0,2021,6,18,0,0.686,0.538,-8.026,0.035,0.181,0.113,115.884,190779,0.584,D,
136,15,2021,4,2,4992345,Gym Class Heroes,1275345,11/11/2011,2011.0,11,11.0,2021,7,2,82,0.646,0.795,-3.293,0.098,0.032,0.267,89.99,210960,0.796,A,dance pop
160,1,2020,12,18,7170169,Mariah Carey,6931357,12/4/2020,2020.0,12,4.0,2020,12,18,47,0.648,0.938,-3.298,0.115,0.034,0.056,78.496,200467,0.849,C#/Db,dance pop
82,10,2019,12,27,5024683,Lizzo,3991674,4/19/2019,2019.0,4,19.0,2020,2,28,77,0.715,0.624,-3.046,0.114,0.11,0.123,158.087,173325,0.412,E,dance pop
65,1,2020,10,2,9129562,"21 Savage, Metro Boomin",9949044,10/2/2020,2020.0,10,2.0,2020,10,2,73,0.825,0.733,-5.625,0.097,0.349,0.112,97.974,190331,0.62,C#/Db,atl hip hop
111,3,2020,1,3,5730427,Niall Horan,7564659,10/4/2019,2019.0,10,4.0,2020,1,10,68,0.591,0.841,-4.351,0.03,0.012,0.395,109.034,158805,0.392,E,dance pop
159,1,2020,12,18,7182262,Frank Sinatra,4953667,1957-09,,1957-09,,2020,12,18,36,0.512,0.339,-13.119,0.05,0.727,0.098,174.609,120693,0.951,G#/Ab,adult standards
29,6,2020,2,28,4666658,Bad Bunny,36177712,2/29/2020,2020.0,2,29.0,2020,4,3,72,0.882,0.612,-6.103,0.118,0.048,0.182,147.982,160638,0.742,E,latin
152,1,2020,12,11,6763705,Kid Cudi,5002317,12/11/2020,2020.0,12,11.0,2020,12,11,57,0.625,0.581,-7.1,0.032,0.553,0.254,142.04,150853,0.267,G#/Ab,hip hop
114,1,2020,7,3,6144736,Pop Smoke,6852509,7/3/2020,2020.0,7,3.0,2020,7,3,59,0.645,0.64,-6.871,0.179,0.395,0.286,140.248,48000,0.674,A#/Bb,brooklyn drill
115,1,2020,1,17,7050815,Halsey,15663384,1/17/2020,2020.0,1,17.0,2020,1,17,59,0.708,0.661,-6.543,0.055,0.04,0.113,102.046,211784,0.317,C,dance pop
65,4,2020,12,18,5802508,Chuck Berry,1251372,8/6/2021,2021.0,8,6.0,2020,12,25,0,0.647,0.876,-5.662,0.185,0.881,0.26,151.925,162897,0.949,A#/Bb,
59,11,2021,6,4,6635076,Sech,8758283,4/15/2021,2021.0,4,15.0,2021,7,23,86,0.786,0.899,-0.515,0.127,0.192,0.299,90.025,216510,0.813,A#/Bb,latin
103,12,2021,1,15,5052801,Olivia Rodrigo,6313514,11/27/2019,2019.0,11,27.0,2021,1,29,76,0.376,0.43,-6.585,0.033,0.09,0.091,77.599,177323,0.129,C,pop
24,83,2019,12,27,6546948,"Post Malone, Swae Lee",1250353,12/14/2018,2018.0,12,14.0,2021,7,23,82,0.76,0.479,-5.574,0.047,0.556,0.07,89.911,158040,0.913,D,
31,20,2020,4,10,4669248,DripReport,92356,1/12/2020,2020.0,1,12.0,2020,7,24,73,0.903,0.327,-9.727,0.088,0.26,0.108,100.008,106000,0.274,C#/Db,viral rap
156,1,2019,12,27,5149797,"Anitta, Lexa, Luísa Sonza",10741972,11/20/2019,2019.0,11,20.0,2019,12,27,64,0.826,0.73,-3.032,0.081,0.383,0.02,150.134,157600,0.605,C#/Db,funk carioca
46,2,2020,7,10,6223001,Juice WRLD,19102888,7/10/2020,2020.0,7,10.0,2020,7,17,73,0.621,0.695,-5.124,0.091,0.006,0.086,173.966,136408,0.298,E,chicago rap
24,31,2021,7,23,15089184,Glass Animals,1890510,8/7/2020,2020.0,8,7.0,2021,7,23,85,0.761,0.525,-6.9,0.094,0.44,0.092,80.87,238805,0.531,B,gauze pop
9,28,2020,6,12,4878286,StaySolidRocky,150587,4/21/2020,2020.0,4,21.0,2020,11,20,77,0.728,0.431,-9.966,0.062,0.749,0.1,130.022,147800,0.629,F#/Gb,melodic rap
175,1,2021,5,28,5368759,Juice WRLD,19085118,5/28/2021,2021.0,5,28.0,2021,5,28,75,0.663,0.545,-3.93,0.036,0.123,0.106,78.452,196147,0.344,D,chicago rap
54,7,2019,12,27,4991751,Red Velvet,5688315,12/23/2019,2019.0,12,23.0,2020,2,7,76,0.664,0.666,-2.203,0.045,0.193,0.085,139.987,210560,0.405,G#/Ab,k-pop
115,1,2020,4,24,5686981,Travis Scott,17732077,8/3/2018,2018.0,8,3.0,2020,4,24,75,0.785,0.554,-6.571,0.041,0.283,0.116,128.047,150043,0.144,C,rap
2,49,2020,11,20,11196819,BTS,37106176,11/20/2020,2020.0,11,20.0,2021,7,23,89,0.746,0.765,-4.41,0.099,0.011,0.094,114.044,199054,0.737,F#/Gb,k-pop
63,4,2020,2,28,4684378,Bad Bunny,36177712,2/29/2020,2020.0,2,29.0,2020,3,20,71,0.761,0.732,-5.469,0.055,0.092,0.072,151.982,243276,0.542,E,latin
100,11,2021,3,19,5198209,Pooh Shiesty,423237,11/6/2020,2020.0,11,6.0,2021,4,30,75,0.759,0.538,-8.256,0.384,0.151,0.126,146.933,184490,0.831,G#/Ab,memphis hip hop
46,83,2020,4,17,6569547,Billie Eilish,47014200,4/19/2018,2018.0,4,19.0,2021,7,23,86,0.351,0.296,-10.109,0.033,0.934,0.095,115.284,200186,0.12,E,electropop
39,5,2020,12,18,7045348,"Bing Crosby, Ken Darby Singers, John Scott Trotter & His Orchestra",359973,1/1/1942,1942.0,1,1.0,2020,12,25,51,0.317,0.158,-16.485,0.038,0.673,0.338,130.503,177480,0.247,A,adult standards
120,1,2020,2,7,6207326,Anne-Marie,8153871,2/7/2020,2020.0,2,7.0,2020,2,7,65,0.609,0.785,-3.32,0.089,0.05,0.171,151.995,181467,0.756,B,dance pop
104,2,2020,2,28,5359969,"Bad Bunny, Myke Towers",36177712,2/29/2020,2020.0,2,29.0,2020,3,6,64,0.867,0.686,-5.342,0.221,0.311,0.1,139.968,190207,0.658,E,latin
55,4,2020,3,27,4472669,Dua Lipa,27167675,3/27/2020,2020.0,3,27.0,2020,8,14,72,0.627,0.69,-5.396,0.139,0.033,0.074,122.053,208505,0.627,A#/Bb,dance pop
177,1,2020,3,13,5043990,Lil Uzi Vert,11821805,3/13/2020,2020.0,3,13.0,2020,3,13,59,0.71,0.586,-5.331,0.381,0.248,0.193,175.987,185439,0.207,D,melodic rap
102,1,2020,12,18,8813922,Ava Max,3916979,10/15/2020,2020.0,10,15.0,2020,12,18,45,0.654,0.596,-4.68,0.046,0.424,0.11,118.078,169245,0.382,C#/Db,dance pop
64,3,2021,7,9,5016125,Bad Bunny,36142273,7/6/2021,2021.0,7,6.0,2021,7,23,83,0.592,0.494,-10.618,0.075,0.237,0.13,132.037,209771,0.231,E,latin
7,24,2021,5,7,7717211,"Los Legendarios, Wisin, Jhay Cortez",31488,2/4/2021,2021.0,2,4.0,2021,7,23,88,0.849,0.701,-4.407,0.06,0.407,0.112,98.005,261667,0.505,F#/Gb,reggaeton
121,1,2020,7,3,5931242,Pop Smoke,6852509,7/3/2020,2020.0,7,3.0,2020,7,3,61,0.831,0.762,-5.656,0.207,0.089,0.107,99.999,192000,0.495,B,brooklyn drill
70,1,2020,5,1,8285754,Drake,56327031,5/1/2020,2020.0,5,1.0,2020,5,1,58,0.473,0.824,-3.68,0.163,0.482,0.605,77.888,222929,0.374,G,canadian hip hop
97,1,2020,12,11,8901697,Kid Cudi,5002317,12/11/2020,2020.0,12,11.0,2020,12,11,63,0.646,0.758,-7.75,0.071,0.556,0.335,172.995,199787,0.064,E,hip hop
56,3,2020,5,8,4987116,"Bad Bunny, Zion & Lennox",36177712,5/10/2020,2020.0,5,10.0,2020,5,22,67,0.865,0.5,-10.805,0.086,0.012,0.098,92.976,183520,0.317,F,latin
33,5,2021,4,2,5200695,Demi Lovato,20331923,4/2/2021,2021.0,4,2.0,2021,4,30,72,0.538,0.512,-4.548,0.026,0.22,0.101,144.978,204632,0.12,E,dance pop
172,1,2020,11,27,5816739,Miley Cyrus,15778531,11/27/2020,2020.0,11,27.0,2020,11,27,74,0.551,0.756,-4.948,0.065,0.051,0.077,175.984,205733,0.618,D,dance pop
52,2,2020,1,17,4824037,Eminem,46814751,1/17/2020,2020.0,1,17.0,2020,1,24,62,0.72,0.767,-5.839,0.214,0.039,0.202,88.966,194707,0.595,A#/Bb,detroit hip hop
158,1,2020,7,3,4907751,Pop Smoke,6852509,7/3/2020,2020.0,7,3.0,2020,7,3,60,0.718,0.66,-7.39,0.325,0.363,0.159,142.879,132587,0.659,D,brooklyn drill
111,1,2020,1,10,6483001,Selena Gomez,28931149,1/10/2020,2020.0,1,10.0,2020,1,10,55,0.724,0.415,-8.408,0.052,0.764,0.103,89.999,186459,0.328,G,dance pop
167,1,2020,12,18,6985392,Pentatonix,3083825,12/6/2017,2017.0,12,6.0,2020,12,18,60,0.364,0.378,-7.381,0.033,0.47,0.339,89.918,268960,0.366,G,a cappella
90,1,2020,1,17,8335790,Eminem,46814751,1/17/2020,2020.0,1,17.0,2020,1,17,62,0.747,0.899,-5.125,0.246,0.1,0.486,92.029,177547,0.581,F,detroit hip hop
106,5,2020,9,4,5109038,WhoHeem,25417,8/20/2020,2020.0,8,20.0,2020,10,2,61,0.839,0.683,-9.232,0.165,0.007,0.241,120.003,159955,0.522,A#/Bb,viral rap
47,5,2020,12,18,6404964,The Pogues,382997,9/5/1988,1988.0,9,5.0,2020,12,25,55,0.271,0.551,-7.48,0.046,0.582,0.256,78.111,272467,0.428,D,celtic
117,1,2020,7,3,6102253,Pop Smoke,6852509,7/3/2020,2020.0,7,3.0,2020,7,3,59,0.944,0.579,-4.961,0.191,0.038,0.253,135.033,259346,0.769,G#/Ab,brooklyn drill
12,21,2020,10,2,5535339,Shawn Mendes,1251372,8/13/2021,2021.0,8,13.0,2021,2,19,0,0.333,0.637,-4.904,0.058,0.131,0.149,139.898,172693,0.132,C#/Db,
140,3,2019,12,27,4931458,Mabel,1374784,1/18/2019,2019.0,1,18.0,2020,1,10,79,0.674,0.881,-2.853,0.147,0.296,0.079,98.994,178480,0.234,A,dance pop
131,6,2019,12,27,4925843,"Riton, Oliver Heldens",83743,9/13/2019,2019.0,9,13.0,2020,1,31,76,0.737,0.828,-4.711,0.04,0.015,0.086,124.051,208474,0.517,B,dance pop
42,2,2020,10,30,5249342,Ariana Grande,67208170,10/30/2020,2020.0,10,30.0,2020,11,6,69,0.772,0.506,-6.558,0.139,0.081,0.182,127.894,200733,0.456,F#/Gb,dance pop
5,21,2020,3,6,4727554,Bad Bunny,36177712,2/29/2020,2020.0,2,29.0,2020,7,17,78,0.685,0.848,-4.561,0.086,0.086,0.078,179.87,163084,0.761,G#/Ab,latin
7,19,2020,3,6,4638728,Bad Bunny,36177712,2/29/2020,2020.0,2,29.0,2020,7,3,80,0.9,0.603,-5.313,0.065,0.402,0.134,129.928,170972,0.824,D,latin
30,9,2020,2,14,4527835,Sam Smith,17097317,2/14/2020,2020.0,2,14.0,2020,4,10,70,0.483,0.361,-7.889,0.074,0.832,0.098,171.649,193795,0.307,C,dance pop
83,1,2020,5,22,6642144,Gunna,3337982,5/22/2020,2020.0,5,22.0,2020,5,22,67,0.837,0.586,-8.521,0.081,0.281,0.134,117.066,197000,0.618,B,atl hip hop
69,2,2020,3,27,4305034,Dua Lipa,27167675,3/27/2020,2020.0,3,27.0,2020,4,3,67,0.906,0.474,-6.124,0.194,0.031,0.286,106.976,194607,0.656,C#/Db,dance pop
143,1,2020,6,12,5113459,"Ufo361, CÉLINE",1700759,6/12/2020,2020.0,6,12.0,2020,6,12,65,0.788,0.491,-9.884,0.109,0.386,0.107,98.543,146028,0.271,G#/Ab,german cloud rap
193,1,2020,1,31,4884909,Taylor Swift,42227614,8/23/2019,2019.0,8,23.0,2020,1,31,77,0.61,0.83,-4.105,0.057,0.033,0.118,182.162,193000,0.728,C,pop
157,1,2021,2,5,5479407,The Weeknd,35340069,8/28/2015,2015.0,8,28.0,2021,2,5,80,0.705,0.769,-5.526,0.043,0.113,0.105,107.949,213520,0.583,A,canadian contemporary r&b
24,3,2020,3,20,4553544,The Weeknd,35340069,3/20/2020,2020.0,3,20.0,2020,4,3,67,0.467,0.608,-7.847,0.071,0.091,0.125,80.957,211400,0.108,A#/Bb,canadian contemporary r&b
197,1,2020,12,25,5152906,Jorge & Mateus,15019109,11/13/2020,2020.0,11,13.0,2020,12,25,72,0.752,0.62,-5.536,0.051,0.309,0.075,117.399,164459,0.962,F,sertanejo
19,3,2021,1,22,5963380,Billie Eilish,47061119,1/21/2021,2021.0,1,21.0,2021,2,5,68,0.343,0.243,-14.66,0.078,0.721,0.067,135.154,203464,0.032,E,electropop
143,7,2020,8,28,4632724,"Kendrick Lamar, Jay Rock",17931101,2012,,2012,,2020,9,25,75,0.716,0.531,-7.355,0.122,0.07,0.224,71.994,386907,0.344,G,conscious hip hop
105,7,2021,4,16,5378350,"Alok, Mc Don Juan, Dj GBR",10334543,12/18/2020,2020.0,12,18.0,2021,5,28,80,0.81,0.789,-4.032,0.05,0.025,0.104,129.988,150462,0.432,F#/Gb,electro house
194,1,2020,9,18,4569978,"Kygo, Donna Summer",7593792,9/18/2020,2020.0,9,18.0,2020,9,18,71,0.681,0.773,-5.749,0.148,0.019,0.11,119.961,199008,0.429,F,edm
2,31,2020,11,13,5265630,Billie Eilish,1250353,8/13/2021,2021.0,8,13.0,2021,6,11,0,0.889,0.34,-7.773,0.07,0.218,0.055,94.009,174321,0.716,B,
180,1,2020,8,7,4625985,6ix9ine,6514102,8/2/2020,2020.0,8,2.0,2020,8,7,58,0.841,0.541,-7.121,0.229,0.019,0.123,97.961,115255,0.42,A,emo rap
151,1,2020,4,24,4914429,KSI,2010879,4/24/2020,2020.0,4,24.0,2020,4,24,58,0.572,0.519,-8.054,0.243,0,0.129,100.453,169355,0.704,A#/Bb,uk hip hop
74,1,2021,2,26,7464020,Post Malone,33663701,2/25/2021,2021.0,2,25.0,2021,2,26,72,0.47,0.709,-4.563,0.03,0.001,0.302,98.036,241360,0.247,G,dfw rap
39,1,2020,12,11,14385703,Taylor Swift,42227614,12/11/2020,2020.0,12,11.0,2020,12,11,64,0.537,0.537,-11.266,0.062,0.819,0.142,107.895,275320,0.292,G#/Ab,pop
6,47,2020,11,6,5570735,Pop Smoke,6837946,7/3/2020,2020.0,7,3.0,2021,7,23,85,0.709,0.548,-8.493,0.353,0.65,0.133,83.995,160000,0.543,A#/Bb,brooklyn drill
174,2,2020,7,3,4633313,Anuel AA,18306226,5/29/2020,2020.0,5,29.0,2020,7,10,68,0.614,0.746,-3.527,0.196,0.347,0.087,168.072,259250,0.601,A#/Bb,latin
146,1,2020,10,30,5605234,Michael Jackson,19345579,9/27/2017,2017.0,9,27.0,2020,10,30,68,0.764,0.887,-3.726,0.074,0.082,0.847,118.427,358053,0.72,B,pop
144,27,2021,4,2,5379704,The Police,4339245,6/17/1983,1983.0,6,17.0,2021,7,23,83,0.82,0.452,-9.796,0.035,0.543,0.071,117.401,253920,0.74,C#/Db,album rock
176,9,2021,2,12,4974880,Ed Sheeran,83337783,6/21/2014,2014.0,6,21.0,2021,2,26,83,0.614,0.379,-10.48,0.048,0.607,0.099,107.989,258987,0.201,E,pop
76,4,2021,6,18,5883145,KSI,2008516,6/18/2021,2021.0,6,18.0,2021,7,16,81,0.356,0.684,-7.347,0.088,0.152,0.101,87.188,193733,0.347,G#/Ab,uk hip hop
49,1,2020,2,28,12059592,Lil Uzi Vert,11821805,3/1/2020,2020.0,3,1.0,2020,2,28,67,0.719,0.611,-5.01,0.04,0.058,0.155,129.962,212354,0.489,G,melodic rap
24,5,2020,12,18,9509781,"John Lennon, Yoko Ono",4313100,10/5/2010,2010.0,10,5.0,2020,12,25,53,0.321,0.64,-10.023,0.032,0.28,0.718,146.172,214333,0.414,D,album rock
58,19,2021,2,26,5218146,"Milly, Farruko, Nio Garcia, Jay Wheeler, Amenazzy",22718,11/20/2020,2020.0,11,20.0,2021,5,14,79,0.824,0.837,-4.603,0.107,0.573,0.271,100.021,289933,0.58,F,reggaeton
168,1,2021,3,12,5439646,Machine Gun Kelly,3868320,3/12/2021,2021.0,3,12.0,2021,3,12,74,0.632,0.922,-2.173,0.079,0.006,0.093,88.972,137747,0.497,G,ohio hip hop
82,1,2021,6,25,8218423,"Tyler, The Creator",6777818,6/25/2021,2021.0,6,25.0,2021,6,25,74,0.685,0.855,-6.724,0.438,0.329,0.301,157.181,223719,0.46,C#/Db,hip hop
129,1,2021,7,16,6161664,Pop Smoke,6837946,7/31/2021,2021.0,7,31.0,2021,7,16,54,0.912,0.589,-7.476,0.2,0.033,0.08,135.921,123549,0.486,G#/Ab,brooklyn drill
147,1,2020,3,13,5496780,Lil Uzi Vert,11821805,3/13/2020,2020.0,3,13.0,2020,3,13,60,0.95,0.654,-5.895,0.307,0.074,0.138,132.936,194844,0.886,C,melodic rap
2,44,2020,8,14,4916860,Drake,56308172,8/14/2020,2020.0,8,14.0,2021,6,18,83,0.761,0.518,-8.871,0.134,0.244,0.107,133.976,261493,0.522,C,canadian hip hop
65,5,2020,8,28,4628159,"Internet Money, Diplo",412466,8/29/2020,2020.0,8,29.0,2020,9,25,70,0.761,0.517,-6.916,0.093,0.114,0.157,147.912,174730,0.46,F,pop rap
110,1,2020,5,15,6057848,Future,10491105,5/15/2020,2020.0,5,15.0,2020,5,15,61,0.768,0.526,-7.182,0.209,0.237,0.139,139.999,167552,0.473,C,atl hip hop
170,1,2021,3,5,5321946,"Francesca Michielin, Fedez",568711,3/3/2021,2021.0,3,3.0,2021,3,5,67,0.641,0.636,-4.318,0.041,0.289,0.125,89.826,222667,0.285,A#/Bb,italian adult pop
112,10,2020,7,3,4615520,"Mc Zaac, Anitta, Tyga",1555628,6/26/2020,2020.0,6,26.0,2020,9,4,68,0.935,0.71,-5.085,0.158,0.077,0.173,100.009,168507,0.635,B,funk carioca
158,1,2021,1,8,5446609,Morgan Wallen,2147875,1/8/2021,2021.0,1,8.0,2021,1,8,75,0.403,0.537,-6.628,0.031,0.59,0.112,69.877,202133,0.414,D#/Eb,contemporary country
65,7,2019,12,27,6066001,Lizzo,3991674,2016,,2016,,2020,2,7,71,0.668,0.892,-3.001,0.065,0.298,0.735,95.927,159011,0.478,F,dance pop
63,1,2021,6,25,9503981,"Tyler, The Creator",6777818,6/25/2021,2021.0,6,25.0,2021,6,25,77,0.703,0.845,-4.851,0.337,0.169,0.122,97.672,146482,0.745,A#/Bb,hip hop
138,4,2021,7,23,5847975,Gusttavo Lima,12969190,6/19/2021,2021.0,6,19.0,2021,7,23,85,0.774,0.732,-4.227,0.031,0.108,0.243,135.005,192725,0.734,A,sertanejo
136,32,2020,6,5,4390823,5 Seconds of Summer,7744095,6/15/2018,2018.0,6,15.0,2020,8,21,80,0.596,0.854,-5.114,0.463,0.017,0.124,120.274,203418,0.152,G,boy band
80,1,2021,4,9,7852063,Taylor Swift,42227614,4/9/2021,2021.0,4,9.0,2021,4,9,66,0.559,0.646,-4.61,0.027,0.116,0.32,95.466,294419,0.289,G,pop
69,1,2021,6,25,9142721,"Tyler, The Creator",6777818,6/25/2021,2021.0,6,25.0,2021,6,25,79,0.468,0.652,-4.912,0.072,0.333,0.55,140.223,588139,0.39,C,hip hop
171,1,2020,11,27,5842320,Trio Vegabajeño,36177712,11/27/2020,2020.0,11,27.0,2020,11,27,56,0.764,0.523,-7.371,0.041,0.777,0.352,118.671,199720,0.962,D,latin
105,7,2019,12,27,4861378,"Daddy Yankee, Snow",1251372,8/12/2021,2021.0,8,12.0,2020,2,7,3,0.737,0.86,-2.652,0.059,0.11,0.057,93.989,193227,0.656,G#/Ab,
35,3,2020,10,2,5125708,BLACKPINK,23848461,10/2/2020,2020.0,10,2.0,2020,10,16,69,0.686,0.64,-5.491,0.159,0.033,0.08,162.225,171798,0.597,G#/Ab,k-pop
131,1,2020,5,8,5364262,"Bad Bunny, Gabriela",36177712,5/10/2020,2020.0,5,10.0,2020,5,8,62,0.779,0.764,-8.217,0.094,0.221,0.091,158.093,176440,0.675,C,latin
152,2,2021,6,25,5347263,Bo Burnham,1042079,6/10/2021,2021.0,6,10.0,2021,7,2,81,0.352,0.424,-10.131,0.039,0.733,0.066,127.047,302951,0.141,F#/Gb,comic
18,33,2020,10,23,5181180,Ritt Momney,100463,4/24/2020,2020.0,4,24.0,2021,4,23,81,0.399,0.491,-10.778,0.054,0.056,0.11,91.066,210463,0.151,F#/Gb,bedroom pop
5,1,2021,7,23,33948454,Lil Nas X,5473565,7/23/2021,2021.0,7,23.0,2021,7,23,96,0.736,0.704,-7.409,0.062,0.02,0.05,149.995,212000,0.894,D#/Eb,lgbtq+ hip hop
171,1,2020,1,24,5215211,Megan Thee Stallion,4794212,1/24/2020,2020.0,1,24.0,2020,1,24,59,0.742,0.731,-4.362,0.306,0.085,0.131,174.019,183143,0.547,B,houston rap
142,3,2020,6,12,4633237,Lil Baby,7816213,2/28/2020,2020.0,2,28.0,2020,6,26,71,0.585,0.641,-4.269,0.133,0.029,0.316,88.284,197530,0.266,F#/Gb,atl hip hop
176,1,2021,6,25,5393789,Doja Cat,8640063,6/25/2021,2021.0,6,25.0,2021,6,25,73,0.619,0.707,-5.791,0.05,0.037,0.13,168.995,212947,0.558,C#/Db,dance pop
75,1,2020,5,29,7734309,Lady Gaga,18585963,5/29/2020,2020.0,5,29.0,2020,5,29,60,0.642,0.792,-5.746,0.049,0.158,0.68,122.965,244880,0.09,C,dance pop
104,16,2021,2,5,4976405,Arctic Monkeys,12375514,9/9/2013,2013.0,9,9.0,2021,4,16,82,0.691,0.631,-6.478,0.037,0.048,0.104,92.004,161124,0.8,D,garage rock
77,14,2020,2,28,4425610,Lil Baby,7816213,11/8/2019,2019.0,11,8.0,2020,4,3,69,0.882,0.602,-5.554,0.245,0.018,0.178,142.959,183011,0.43,B,atl hip hop
88,83,2020,6,26,6699895,Imagine Dragons,35285425,6/23/2017,2017.0,6,23.0,2021,7,23,86,0.776,0.78,-4.374,0.128,0.062,0.081,124.949,204347,0.666,A#/Bb,modern rock
175,4,2021,7,2,5242097,"BLANCO, Sfera Ebbasta",127364,6/17/2021,2021.0,6,17.0,2021,7,16,83,0.477,0.844,-4.87,0.046,0.003,0.137,169.941,220235,0.203,B,italian hip hop
17,10,2021,5,21,11287301,Olivia Rodrigo,6266514,5/21/2021,2021.0,5,21.0,2021,7,23,90,0.695,0.575,-6.334,0.116,0.198,0.061,163.929,173160,0.699,A#/Bb,pop
177,1,2020,9,25,4977405,"Joji, BENEE",4759367,9/25/2020,2020.0,9,25.0,2020,9,25,67,0.668,0.547,-8.024,0.035,0.398,0.093,83.5,194871,0.192,C#/Db,alternative r&b
116,1,2020,5,8,5784075,Bad Bunny,36177712,5/10/2020,2020.0,5,10.0,2020,5,8,64,0.856,0.656,-6.483,0.131,0.165,0.1,90.041,150060,0.586,F,latin
139,2,2020,7,3,4729070,6ix9ine,6514102,7/3/2020,2020.0,7,3.0,2020,7,10,60,0.672,0.733,-5.377,0.057,0.003,0.199,105.043,149857,0.354,B,emo rap
139,1,2021,4,9,5988511,DMX,2815928,5/1/1998,1998.0,5,1.0,2021,4,9,72,0.88,0.577,-8.093,0.302,0.056,0.201,90.991,214440,0.74,A#/Bb,east coast hip hop
89,7,2019,12,27,5013732,"DJ Snake, J Balvin",7408249,7/25/2019,2019.0,7,25.0,2020,2,7,77,0.694,0.758,-2.986,0.218,0.278,0.102,192.091,185195,0.371,B,dance pop
109,2,2020,10,9,4870203,Bebe Rexha,6569150,10/9/2020,2020.0,10,9.0,2020,10,16,69,0.737,0.867,-2.259,0.046,0.04,0.32,98.05,175873,0.506,B,dance pop
88,31,2021,1,29,5323062,Pop Smoke,6852509,7/20/2020,2020.0,7,20.0,2021,4,2,82,0.905,0.647,-5.065,0.107,0.019,0.282,130.97,190534,0.367,A#/Bb,brooklyn drill
116,1,2020,2,14,6520106,Justin Bieber,48544923,2/14/2020,2020.0,2,14.0,2020,2,14,58,0.438,0.315,-8.186,0.038,0.608,0.151,190.064,170587,0.449,G#/Ab,canadian pop
43,2,2020,11,27,5375449,Bad Bunny,36177712,11/27/2020,2020.0,11,27.0,2020,12,4,70,0.643,0.727,-5.506,0.039,0.044,0.123,90.019,162299,0.295,C#/Db,latin
86,5,2020,7,3,4583475,Ty Dolla $ign,3866304,10/22/2020,2020.0,10,22.0,2020,7,31,71,0.818,0.598,-5.948,0.113,0.057,0.634,111.052,231618,0.331,A#/Bb,hip hop
186,1,2021,4,16,5159208,Os Barões Da Pisadinha,4271775,2/19/2021,2021.0,2,19.0,2021,4,16,80,0.593,0.932,-2.324,0.053,0.302,0.133,171.977,147876,0.913,G#/Ab,forro
4,29,2020,11,20,6142975,BTS,37106176,11/20/2020,2020.0,11,20.0,2021,7,9,84,0.566,0.716,-5.733,0.042,0.007,0.37,81.068,207481,0.45,C#/Db,k-pop
52,5,2020,12,18,5687085,Kylie Minogue,1324920,11/30/2010,2010.0,11,30.0,2020,12,25,42,0.685,0.391,-7.183,0.044,0.744,0.142,87.101,202547,0.443,C#/Db,australian dance
79,2,2020,7,3,4535580,Pop Smoke,6852509,7/3/2020,2020.0,7,3.0,2020,7,10,72,0.739,0.616,-6.963,0.034,0.252,0.101,91.071,158466,0.654,G,brooklyn drill
54,3,2020,12,11,5209372,Kid Cudi,5002317,12/11/2020,2020.0,12,11.0,2020,12,25,76,0.619,0.589,-6.531,0.124,0.43,0.378,143.896,174960,0.158,C#/Db,hip hop
83,3,2020,12,18,9548924,Sam Smith,17097317,12/5/2014,2014.0,12,5.0,2020,12,18,46,0.438,0.178,-9.402,0.041,0.957,0.316,75.248,170964,0.344,F,dance pop
97,1,2021,6,4,7324233,"Lil Baby, Lil Durk",7805880,6/4/2021,2021.0,6,4.0,2021,6,4,81,0.596,0.65,-5.167,0.337,0.138,0.14,133.997,257428,0.188,A,atl hip hop
3,28,2021,4,2,14174752,Masked Wolf,365975,1/6/2021,2021.0,1,6.0,2021,7,23,89,0.778,0.695,-6.865,0.091,0.175,0.15,149.996,132780,0.472,E,australian hip hop
139,1,2020,5,22,5193309,Gunna,3337982,5/22/2020,2020.0,5,22.0,2020,5,22,63,0.823,0.504,-8.65,0.16,0.206,0.417,112.985,169907,0.481,G#/Ab,atl hip hop
127,1,2020,4,10,5291167,Bonez MC,1683006,4/9/2020,2020.0,4,9.0,2020,4,10,59,0.839,0.594,-9.087,0.139,0.249,0.165,76.007,179844,0.58,C,german hip hop
112,28,2020,3,20,5044929,Conan Gray,3799104,3/20/2020,2020.0,3,20.0,2021,3,5,82,0.628,0.639,-5.46,0.044,0.002,0.354,108.045,185773,0.493,G#/Ab,alt z
60,1,2021,3,19,10024729,Justin Bieber,48544923,3/19/2021,2021.0,3,19.0,2021,3,19,66,0.759,0.584,-6.655,0.06,0.065,0.16,127.138,186696,0.374,G#/Ab,canadian pop
148,7,2020,1,3,4836113,J. Cole,14103694,1/23/2019,2019.0,1,23.0,2020,2,7,79,0.837,0.364,-11.713,0.276,0.149,0.271,123.984,213594,0.463,G#/Ab,conscious hip hop
43,29,2019,12,27,4959754,"J Balvin, Bad Bunny",29051363,6/28/2019,2019.0,6,28.0,2021,4,16,83,0.754,0.646,-5.795,0.317,0.152,0.108,176.089,242573,0.429,G,latin
15,24,2020,1,3,4413457,Camila Cabello,22698747,12/6/2019,2019.0,12,6.0,2020,6,12,78,0.724,0.491,-6.024,0.03,0.018,0.089,105.046,170746,0.383,G#/Ab,dance pop
58,1,2020,5,29,9266945,Lady Gaga,18585963,5/29/2020,2020.0,5,29.0,2020,5,29,63,0.731,0.927,-3.634,0.078,0.023,0.187,119.006,191467,0.478,C,dance pop
83,1,2020,5,8,7055918,Bad Bunny,36177712,5/10/2020,2020.0,5,10.0,2020,5,8,63,0.869,0.727,-7.397,0.123,0.059,0.107,147.967,143240,0.92,G,latin
17,6,2020,12,18,10476212,Band Aid,4883,1/1/2004,2004.0,1,1.0,2020,12,25,51,0.599,0.642,-6.936,0.036,0.164,0.099,115.412,222533,0.349,C,musical advocacy
198,1,2019,12,27,4607385,"Dadá Boladão, Tati Zaqui, OIK",208630,9/25/2019,2019.0,9,25.0,2019,12,27,60,0.832,0.55,-7.026,0.059,0.249,0.182,154.064,152784,0.881,F,brega funk
15,24,2020,7,17,6567755,"Tory Lanez, Jack Harlow",3828418,6/24/2020,2020.0,6,24.0,2020,12,4,80,0.904,0.723,-5.224,0.26,0.063,0.185,145.013,227478,0.835,B,canadian hip hop
32,1,2021,7,23,13205250,Camila Cabello,22683756,7/23/2021,2021.0,7,23.0,2021,7,23,88,0.666,0.796,-6.967,0.103,0.049,0.044,110.108,164842,0.61,A#/Bb,dance pop
80,18,2020,2,7,4395061,"Alan Walker, Ava Max",29679430,12/27/2019,2019.0,12,27.0,2020,4,24,77,0.67,0.668,-4.306,0.042,0.536,0.133,88.033,179053,0.608,D#/Eb,electro house
113,4,2020,8,14,4547965,Rod Wave,2203386,8/7/2020,2020.0,8,7.0,2020,8,28,60,0.874,0.443,-9.628,0.241,0.147,0.124,118.004,235988,0.298,F,florida rap
33,7,2021,6,25,8564775,Trinidad Cardona,116817,2/2/2018,2018.0,2,2.0,2021,7,23,87,0.708,0.782,-4.687,0.067,0.008,0.107,119.997,160880,0.484,D,
137,1,2021,5,21,6237019,Go_A,107553,3/10/2021,2021.0,3,10.0,2021,5,21,75,0.527,0.737,-5.34,0.064,0.05,0.105,116.431,172675,0.499,E,eurovision
159,1,2021,7,16,5702636,Pop Smoke,6837946,7/31/2021,2021.0,7,31.0,2021,7,16,53,0.723,0.667,-7.524,0.351,0.256,0.261,143.044,208112,0.396,D,brooklyn drill
109,6,2021,2,5,5079857,"The Weeknd, Daft Punk",35340069,11/25/2016,2016.0,11,25.0,2021,3,12,80,0.773,0.819,-5.946,0.118,0.428,0.068,92.987,269187,0.585,C,canadian contemporary r&b
192,1,2020,10,16,4665053,Lana Del Rey,13697048,3/19/2021,2021.0,3,19.0,2020,10,16,67,0.303,0.249,-11.715,0.111,0.97,0.117,66.932,200661,0.131,C,art pop
141,1,2020,7,31,5752169,Apache 207,1674348,7/31/2020,2020.0,7,31.0,2020,7,31,59,0.819,0.507,-7.336,0.088,0.482,0.105,130.009,152013,0.634,C#/Db,german hip hop
43,2,2020,8,21,11373347,"Internet Money, Gunna, Don Toliver, NAV",412466,8/14/2020,2020.0,8,14.0,2020,8,21,82,0.799,0.66,-6.153,0.079,0.256,0.111,140.04,195429,0.471,C#/Db,pop rap
179,1,2021,6,25,5362817,Doja Cat,8640063,6/25/2021,2021.0,6,25.0,2021,6,25,74,0.678,0.531,-5.029,0.037,0.126,0.377,99.008,177373,0.176,A#/Bb,dance pop
168,3,2020,3,20,5233359,The Weeknd,35340069,3/30/2018,2018.0,3,30.0,2021,2,5,80,0.461,0.593,-4.954,0.036,0.17,0.307,134.17,228373,0.175,C#/Db,canadian contemporary r&b
77,14,2020,6,26,4488631,S1mba,46992,3/4/2020,2020.0,3,4.0,2020,8,14,73,0.613,0.624,-6.66,0.206,0.496,0.283,62.948,167917,0.804,B,afroswing
20,5,2021,4,9,5480722,Taylor Swift,42227614,4/9/2021,2021.0,4,9.0,2021,4,30,74,0.66,0.817,-6.269,0.052,0.162,0.067,135.942,277592,0.714,B,pop
145,1,2020,8,21,5440253,"Capital Bra, Cro",4093115,9/17/2020,2020.0,9,17.0,2020,8,21,56,0.744,0.644,-5.562,0.064,0.229,0.204,96.852,151360,0.577,G#/Ab,german hip hop
109,3,2021,7,23,6614072,"Becky G, El Alfa",10356559,6/3/2021,2021.0,6,3.0,2021,7,23,86,0.93,0.837,-4.632,0.187,0.256,0.239,111.898,158532,0.821,G,dance pop
195,1,2019,12,27,4630675,Dua Lipa,27167675,6/2/2017,2017.0,6,2.0,2019,12,27,79,0.762,0.7,-6.021,0.069,0.003,0.153,116.073,209320,0.608,A,dance pop
58,4,2020,4,17,7471309,Joji,4759367,4/16/2020,2020.0,4,16.0,2020,9,25,69,0.482,0.631,-6.917,0.099,0.696,0.209,126.576,214558,0.074,F,alternative r&b
33,12,2020,11,27,4995965,Bad Bunny,36177712,11/27/2020,2020.0,11,27.0,2021,2,26,77,0.883,0.6,-7.188,0.37,0.114,0.093,113.903,156430,0.691,G,latin
65,2,2021,7,16,5315734,Pop Smoke,6837946,7/16/2021,2021.0,7,16.0,2021,7,23,81,0.716,0.67,-6.995,0.101,0.526,0.13,145.043,203586,0.411,C,brooklyn drill
77,34,2020,1,3,4598766,Noah Cyrus,891555,5/15/2020,2020.0,5,15.0,2020,10,16,81,0.708,0.186,-8.953,0.042,0.868,0.078,72.541,156106,0.322,A,alt z
63,1,2020,7,3,8443771,Pop Smoke,6852509,7/3/2020,2020.0,7,3.0,2020,7,3,66,0.8,0.564,-5.817,0.4,0.029,0.112,139.989,150857,0.318,G#/Ab,brooklyn drill
14,26,2020,8,14,5208100,Miley Cyrus,15778531,8/14/2020,2020.0,8,14.0,2021,2,5,76,0.705,0.814,-5.466,0.035,0.001,0.203,110,223279,0.259,E,dance pop
30,45,2019,12,27,4813796,Ed Sheeran,83337783,6/28/2019,2019.0,6,28.0,2020,11,6,79,0.64,0.648,-8.113,0.187,0.124,0.08,92.977,197867,0.548,F,pop
52,11,2020,2,28,4909499,Bad Bunny,36177712,2/29/2020,2020.0,2,29.0,2020,5,8,82,0.86,0.791,-4.784,0.057,0.169,0.106,92.023,175918,0.887,C,latin
60,8,2021,6,18,6853994,WILLOW,1521837,4/27/2021,2021.0,4,27.0,2021,7,23,85,0.39,0.83,-5.201,0.056,0.002,0.156,90.021,168030,0.191,B,afrofuturism
169,1,2020,7,17,4803071,Luciano,942380,7/16/2020,2020.0,7,16.0,2020,7,17,60,0.874,0.542,-7.064,0.344,0.062,0.181,142.016,196933,0.481,A#/Bb,german drill
82,11,2020,10,23,6241923,"Clean Bandit, Mabel",4431309,8/21/2020,2020.0,8,21.0,2020,11,20,78,0.779,0.705,-3.895,0.034,0.369,0.124,101.022,178374,0.946,C,dance pop
2,29,2020,1,3,4599349,Justin Bieber,48544923,1/3/2020,2020.0,1,3.0,2020,7,17,72,0.687,0.514,-6.612,0.09,0.366,0.116,145.921,210427,0.494,A,canadian pop
71,13,2021,4,30,5041120,"Dj Guuga, DJ Ivis",608109,3/27/2021,2021.0,3,27.0,2021,7,9,79,0.583,0.918,-3.612,0.052,0.288,0.07,164.081,172973,0.836,F#/Gb,funk carioca
91,3,2020,8,21,4982232,ITZY,2384076,8/17/2020,2020.0,8,17.0,2020,9,4,73,0.776,0.911,-3.08,0.131,0.155,0.268,101.027,177728,0.56,D,k-pop girl group
74,1,2020,12,4,9325928,Juice WRLD,19102888,12/2/2020,2020.0,12,2.0,2020,12,4,70,0.703,0.703,-4.672,0.133,0.605,0.12,76.017,183783,0.697,C#/Db,chicago rap
128,9,2020,1,10,5135469,"Rich Music LTD, Sech, Dalex, Justin Quiles, Lenny Tavárez, Feid",206225,10/11/2019,2019.0,10,11.0,2020,2,21,66,0.711,0.757,-4.188,0.29,0.268,0.367,174.013,218587,0.724,C#/Db,latin
14,32,2020,8,28,5344862,KAROL G,1251372,8/12/2021,2021.0,8,12.0,2021,2,12,0,0.715,0.706,-4.423,0.195,0.496,0.106,179.997,189840,0.522,B,
6,84,2019,12,27,7156162,Post Malone,33651775,9/6/2019,2019.0,9,6.0,2021,7,23,87,0.695,0.762,-3.497,0.04,0.192,0.086,120.042,215280,0.553,C,dfw rap
61,12,2019,12,27,4785720,Tainy,509411,8/22/2019,2019.0,8,22.0,2020,3,13,75,0.734,0.836,-4.803,0.074,0.017,0.179,80.002,270741,0.623,A#/Bb,latin
117,4,2020,11,6,5361669,"Octavian, Skepta",213344,3/13/2020,2020.0,3,13.0,2020,11,13,73,0.866,0.563,-6.964,0.108,0.185,0.089,127.954,161668,0.307,B,afroswing
105,1,2020,2,7,6561188,Nicki Minaj,22170982,2/7/2020,2020.0,2,7.0,2020,2,7,70,0.911,0.637,-8.381,0.447,0.041,0.238,149.996,156882,0.66,G#/Ab,dance pop
195,1,2020,1,10,4874380,Selena Gomez,28931149,1/10/2020,2020.0,1,10.0,2020,1,10,51,0.855,0.294,-8.676,0.286,0.3,0.091,139.745,182017,0.842,F,dance pop
91,1,2020,5,29,6996402,Lady Gaga,18585963,5/29/2020,2020.0,5,29.0,2020,5,29,61,0.698,0.799,-4.372,0.034,0.013,0.215,115.957,161733,0.351,D,dance pop
64,10,2021,4,2,5174298,Lil Tjay,3553442,4/2/2021,2021.0,4,2.0,2021,5,21,81,0.808,0.639,-7.266,0.279,0.08,0.15,118,144349,0.395,C#/Db,brooklyn drill
74,3,2020,10,30,5602168,"K/DA, Madison Beer, (G)I-DLE, Lexie Liu, Jaira Burns, Seraphine, League of Legends",1245965,10/28/2020,2020.0,10,28.0,2020,11,13,73,0.66,0.787,-4.592,0.032,0.003,0.323,142.018,217088,0.199,C#/Db,k-pop girl group
176,1,2020,10,30,5103194,Sam Smith,17097317,10/30/2020,2020.0,10,30.0,2020,10,30,62,0.666,0.726,-2.998,0.026,0.486,0.089,128.044,207528,0.468,B,dance pop
65,1,2020,2,14,9010535,Justin Bieber,48544923,2/14/2020,2020.0,2,14.0,2020,2,14,63,0.566,0.438,-7.564,0.037,0.809,0.212,117.127,136907,0.692,C,canadian pop
159,1,2020,5,22,4861870,Sia,20528724,5/20/2020,2020.0,5,20.0,2020,5,22,71,0.521,0.877,-5.444,0.068,0.013,0.093,180.007,205208,0.199,G,australian dance
120,3,2020,1,24,5312936,Matthew Wilder,30386,3/19/1983,1983.0,3,19.0,2020,1,31,73,0.917,0.588,-11.047,0.061,0.195,0.091,110.077,184480,0.828,A#/Bb,new wave pop
101,4,2020,5,29,5124116,Anuel AA,18306226,5/29/2020,2020.0,5,29.0,2020,6,19,67,0.735,0.916,-2.082,0.117,0.397,0.092,167.994,221429,0.691,D,latin
66,11,2020,3,13,4296154,YNW Melly,6332535,3/13/2020,2020.0,3,13.0,2020,6,5,76,0.655,0.441,-5.245,0.063,0.474,0.099,139.957,225857,0.273,A,melodic rap
137,10,2020,3,6,4314080,Lil Uzi Vert,11821805,8/25/2017,2017.0,8,25.0,2020,6,5,82,0.732,0.75,-6.366,0.231,0.003,0.109,155.096,182707,0.401,B,melodic rap
69,6,2020,12,18,5394054,Darlene Love,1251372,1963,,1963,,2020,12,25,45,0.325,0.759,-7.146,0.053,0.395,0.077,126.627,166453,0.36,G#/Ab,
59,6,2020,7,17,4737306,Rod Wave,2203386,4/3/2020,2020.0,4,3.0,2020,8,14,55,0.904,0.26,-17.57,0.101,0.277,0.121,117.967,167147,0.231,F,florida rap
74,1,2020,2,21,8822365,BTS,37151476,2/21/2020,2020.0,2,21.0,2020,2,21,72,0.55,0.747,-5.211,0.041,0.067,0.054,79.98,199339,0.648,C#/Db,k-pop
17,30,2021,1,29,6308369,Boza,278679,7/31/2020,2020.0,7,31.0,2021,6,18,83,0.725,0.756,-5.013,0.057,0.362,0.103,100.07,186133,0.828,E,reggaeton
50,23,2019,12,27,4350496,"Bad Bunny, Tainy",36177712,5/31/2019,2019.0,5,31.0,2020,6,5,81,0.61,0.624,-4.773,0.309,0.6,0.243,176.169,250534,0.244,D,latin
140,7,2020,1,3,4953866,Jonas Brothers,5436999,6/7/2019,2019.0,6,7.0,2020,2,7,74,0.795,0.496,-5.883,0.072,0.108,0.065,94.01,183000,0.874,C,boy band
37,12,2020,1,3,5046905,Tyga,6298789,11/13/2019,2019.0,11,13.0,2020,3,13,74,0.816,0.629,-5.568,0.226,0.133,0.069,96.493,131607,0.714,D,dance pop
13,21,2020,5,1,4568308,"Beyoncé, Megan Thee Stallion",28335112,4/29/2020,2020.0,4,29.0,2020,9,11,73,0.822,0.743,-4.772,0.28,0.016,0.127,84.459,242001,0.636,A#/Bb,dance pop
20,5,2021,1,15,6162453,Ariana Grande,missing, ,, ,,2021,2,19,missing,missing,missing,missing,missing,missing,missing,missing,missing,missing, , 
9,39,2021,2,26,10739770,Tiësto,5785065,9/16/2020,2020.0,9,16.0,2021,7,23,90,0.798,0.62,-7.079,0.232,0.414,0.112,120.031,164000,0.235,G#/Ab,big room
199,1,2021,5,21,5152139,Daði Freyr,169137,3/13/2021,2021.0,3,13.0,2021,5,21,70,0.798,0.621,-6.916,0.039,0.014,0.093,123.038,166000,0.443,D,icelandic pop
47,8,2020,5,8,4312675,"Bad Bunny, Don Omar",36177712,5/10/2020,2020.0,5,10.0,2020,6,26,72,0.772,0.83,-5.019,0.06,0.016,0.084,94.011,194200,0.697,G,latin
17,3,2020,11,27,6388079,Bad Bunny,36177712,11/27/2020,2020.0,11,27.0,2020,12,11,73,0.688,0.881,-4.889,0.047,0.095,0.08,123.013,191526,0.677,G,latin
127,1,2020,12,18,7993078,"Mykola Dmytrovych Leontovych, John Williams",1024868,1990,,1990,,2020,12,18,51,0.418,0.106,-22.507,0.045,0.994,0.179,46.718,85267,0.8,G#/Ab,soundtrack
148,1,2020,8,28,5306994,Katy Perry,18936929,4/23/2021,2021.0,4,23.0,2020,8,28,67,0.676,0.794,-4.78,0.037,0.051,0.072,125.957,159286,0.161,D,dance pop
105,14,2021,1,15,5326719,"Jason Derulo, Nuka",9778632,11/20/2020,2020.0,11,20.0,2021,3,26,79,0.738,0.85,-3.049,0.064,0.105,0.23,98.013,192921,0.865,G#/Ab,dance pop
150,2,2019,12,27,4732292,Apache 207,1674348,10/25/2019,2019.0,10,25.0,2020,1,3,70,0.941,0.758,-6.47,0.17,0.026,0.193,128.017,157093,0.683,A#/Bb,german hip hop
4,13,2020,2,14,4293009,Billie Eilish,47061119,2/13/2020,2020.0,2,13.0,2020,5,8,75,0.38,0.219,-13.273,0.036,0.917,0.083,73.537,242265,0.052,E,electropop
49,2,2020,10,30,4896521,Ariana Grande,67208170,10/30/2020,2020.0,10,30.0,2020,11,6,66,0.686,0.526,-6.842,0.037,0.082,0.144,92.013,158436,0.372,C,dance pop
157,7,2020,1,24,5066711,"Piso 21, Christian Nodal",7226268,9/6/2019,2019.0,9,6.0,2020,2,7,74,0.728,0.542,-5.195,0.051,0.259,0.136,90.016,227234,0.637,C,colombian pop
72,5,2021,5,7,5552212,Lil Tecca,4016497,5/6/2021,2021.0,5,6.0,2021,6,4,82,0.807,0.659,-6.92,0.332,0.022,0.309,82.465,168727,0.438,B,melodic rap
169,2,2020,1,3,4935492,24kGoldn,1276406,11/22/2019,2019.0,11,22.0,2020,1,3,74,0.746,0.717,-4.841,0.179,0.199,0.132,150.964,179133,0.523,A,cali rap
198,1,2020,3,13,4752181,Ufo361,1700759,3/13/2020,2020.0,3,13.0,2020,3,13,53,0.826,0.368,-12.761,0.133,0.516,0.091,127.977,107446,0.158,G,german cloud rap
13,14,2020,2,28,4609858,Lady Gaga,1251372,8/8/2021,2021.0,8,8.0,2020,6,19,0,0.68,0.825,-4.296,0.07,0.002,0.27,117.987,193533,0.784,G#/Ab,
70,1,2020,12,11,11245393,Taylor Swift,42227614,12/11/2020,2020.0,12,11.0,2020,12,11,62,0.689,0.704,-10.813,0.245,0.835,0.134,151.884,180653,0.92,A,pop
136,1,2020,1,31,5774770,Samra,1045091,1/29/2020,2020.0,1,29.0,2020,1,31,53,0.801,0.731,-3.723,0.383,0.188,0.111,105.666,138409,0.537,G#/Ab,german hip hop
139,1,2020,2,14,5921044,Tame Impala,5064200,2/14/2020,2020.0,2,14.0,2020,2,14,77,0.621,0.873,-3.067,0.037,0.041,0.082,97.96,237800,0.873,F,australian psych
4,37,2020,9,18,5063015,Justin Bieber,48504126,9/18/2020,2020.0,9,18.0,2021,5,28,81,0.673,0.704,-8.056,0.36,0.196,0.09,86.919,212093,0.372,F#/Gb,canadian pop
45,20,2020,10,23,5030670,Ashnikko,1248499,7/9/2020,2020.0,7,9.0,2021,1,29,76,0.834,0.663,-6.143,0.133,0.235,0.372,121.876,146523,0.774,G#/Ab,electropop
4,76,2020,6,19,5238547,"Powfu, beabadoobee",924083,2/8/2020,2020.0,2,8.0,2021,7,23,85,0.726,0.431,-8.765,0.135,0.731,0.696,144.026,173333,0.348,G#/Ab,sad rap
30,9,2020,4,10,4252898,Twenty One Pilots,20829526,4/9/2020,2020.0,4,9.0,2020,6,5,72,0.754,0.583,-7.34,0.043,0.32,0.144,122.012,220051,0.77,E,modern rock
29,15,2020,1,24,5234645,Ali Gatie,1758300,3/26/2021,2021.0,3,26.0,2020,5,1,69,0.596,0.366,-11.144,0.115,0.63,0.055,84.394,193668,0.229,G,canadian hip hop
193,1,2021,2,12,4902737,Oasis,6478565,1995,,1995,,2021,2,12,78,0.375,0.893,-4.097,0.041,0.001,0.187,174.323,258773,0.434,D,beatlesque
6,7,2020,12,18,15424001,Michael Bublé,4702232,11/9/2012,2012.0,11,9.0,2020,12,25,55,0.339,0.214,-11.714,0.038,0.908,0.341,94.775,206640,0.363,E,adult standards
124,3,2020,11,6,5201322,Little Mix,9398941,11/6/2020,2020.0,11,6.0,2020,11,13,73,0.448,0.824,-4.249,0.057,0.074,0.113,119.965,213693,0.419,F,dance pop
